"","b1.TL.ctrl","b1.IL.ctrl","b1.TI.ctrl","b1.TL.ko","b1.IL.ko","b1.TI.ko","b2.TL.ctrl","b2.IL.ctrl","b2.TI.ctrl","b2.TL.ko","b2.IL.ko","b2.TI.ko"
"Egr4",3.46330281311693,2.3654683480522,1.46410871063598,2.84259467309633,1.99995975572256,1.42132593666583,2.87414623764493,1.21308774984562,2.36928139618152,1.88624398438267,1.28292401061678,1.47026945382044
"Fosb",1.54911671007612,1.30931221907846,1.18315302301726,1.11020077889747,1.28083656429666,0.866777862097583,1.27164125308754,1.16262622523629,1.09376618683197,0.903297560926659,0.837466515190767,1.07860737658376
"ENSMUSG00000090582",2.43681564994093,2.26004492392654,1.07821558064752,0.962945243000738,1.20314476152309,0.800356926112301,1.87555007855529,1.3225316770838,1.41815134643195,1.55363254089698,1.27769516584575,1.21596495191291
"Fos",1.16973567136306,0.973838071190253,1.20116034273889,1.19299435123448,1.25249354029299,0.952495412435748,1.0251825547803,0.993000270574218,1.0324091394129,0.861715553320675,0.74210542102332,1.16117673973116
"Rgs1",0.578459099076431,0.350859441731844,1.6486918414427,0.521748773279155,0.400742562751487,1.30195497502647,0.644824560033906,0.619152445280914,1.04146331803849,0.498333672369058,0.540285435329821,0.922352593245174
"Atf3",1.4629578294728,1.16871177187777,1.25176956772007,1.56109195907096,1.34763703520071,1.15839199895427,1.29526496342864,0.891156884606554,1.45346457599382,0.945605206985693,0.853572559930185,1.10782053146488
"Egr1",1.20764789883482,1.07053696591805,1.12807678509186,1.0908354729388,1.12890956339884,0.966273569031153,1.09153358381258,1.24908887245032,0.873863828176879,1.03732793836225,0.958423498541509,1.08232732183718
"Nr4a1",1.2707391293807,1.08996943934984,1.16584840226226,1.08208928264418,1.11710707312098,0.968653147653097,1.25551663278518,1.22986651354635,1.02085601889011,1.09095785187117,1.04327622296777,1.04570374350885
"Zfp36",1.39569704437488,1.13817278627227,1.22626112766766,1.27179427254259,1.13982097216931,1.11578423594199,1.32017344891708,1.03706849390574,1.27298578317149,0.920359305620851,0.695292885469112,1.32370016270178
"Egr2",1.11312262299823,0.943497562674736,1.17978325226684,1.04907647188322,1.03592632785799,1.01269409191715,0.974977486388193,0.94776034448647,1.02871732507069,1.06400390634987,0.866488966700321,1.22794859166148
"Ppp1r15a",1.2960155458697,1.13173046053694,1.14516273181762,1.14939062123679,1.11099824967246,1.03455664450925,1.06347607139672,0.90384915689848,1.17660791436261,1.04304922345582,0.849084253835389,1.22844019158791
"Frat2",0.972365869669034,1.13762443822962,0.854733633519893,1.11753092653199,1.08187272812688,1.03295969801074,0.796880431756021,1.12131508602653,0.710665932962544,0.890235694227042,0.975458322028189,0.912633245443074
"Egr3",1.13834549998552,1.01977762594993,1.11626836186482,0.938857951841543,1.11838883837232,0.839473642465834,0.959713856085461,0.874635677454962,1.09727270545156,1.3797402431312,1.00627723243016,1.37113332058515
"Dusp1",1.22076131090697,0.987420770385577,1.23631317825153,1.10571522130927,1.03157039545646,1.07187568214383,1.16589874343434,1.01711864475467,1.14627605092772,0.820447138779877,0.67378289865288,1.21767284450263
"Ier2",1.36449378877822,1.13832011298332,1.19869074895122,1.34040591083329,1.15631775530312,1.15920204864614,1.26011070763331,0.938417885441463,1.34280337915822,1.120303608774,0.960954305230955,1.16582401751637
"Tnfsf9",0.497527306114025,0.223291448507103,2.22815208303062,0.585077175078732,0.508580746948127,1.15041156903725,0.44274034185507,0.260488093637472,1.69965673160956,0.270644364850584,0.17673126341877,1.53138929476945
"Btg2",1.28631664870003,1.12349456232044,1.14492467684339,1.05818135143246,1.0342423371175,1.02314642657318,1.04330278106891,0.862413441398504,1.20974782046193,1.18206128295483,1.03511377743914,1.1419626602587
"Arc",0.952628544214315,0.753755626013669,1.26384269826603,1.00926241273565,1.08077404933589,0.933832944412218,1.47574624912753,1.10186945967536,1.33931132782492,1.1659953947325,0.933492689139587,1.24906751632647
"Gdf15",0.812318276130507,0.761975063030081,1.06606937095845,0.706595525855273,0.878343331845631,0.804463926845702,1.23439523497136,0.957953614251297,1.28857516335603,0.655730321005685,0.520516770006505,1.25976790526363
"Jun",1.32131863117061,1.15502305719045,1.14397597774772,1.21401982275049,1.08828786523412,1.11553189329123,1.17078959697653,1.04433099169523,1.12109054149205,1.15978115919935,1.02879551713381,1.12731941370668
"Ier3",1.16372012369034,1.10004306533977,1.05788596861061,0.902559141736401,1.06808772087564,0.845023422791964,0.939126838311258,0.674742513770173,1.39182994867749,0.723950770402969,0.867237275225782,0.834778198635997
"Junb",0.987448800114052,0.828936732027685,1.19122336115885,1.04997370363969,0.99987971035948,1.05010001979358,0.997849494875917,0.796690942829672,1.25249258053791,0.808933026748123,0.709660903805927,1.1398867013947
"Dusp8",1.03554932543111,0.884198475223067,1.17117293735421,1.01732278964589,1.04305636257776,0.975328684187041,1.13928841051915,0.867880812433634,1.31272450571233,1.1596738856699,1.01584143556764,1.14158946964187
"Cxcl1",0.979938336953741,1.05356529066674,0.93011638256761,0.523179674777724,1.17048973727817,0.446975020895369,0.775832583880729,0.564165574487357,1.3751859719298,0.632862995495547,1.08828035175649,0.581525701970178
"Nfkbiz",0.658276980287509,0.992069360602433,0.66353927097171,0.641590580807498,1.29943127768949,0.49374721989785,0.549631520103768,0.840873786051672,0.653643304406677,0.37103962298716,0.635144198086732,0.584181708822746
"Cxcl2",0.440165135542183,0.195197624172936,2.25497178773148,0.387790877733689,0.425637376840122,0.911082763954143,0.488198730525187,0.161582406241494,3.02136069069022,0.194252088206386,0.0988277615076386,1.96556195590216
"Pcdh10",1.77020258292132,1.64994890967443,1.0728832708345,1.58515129233176,1.36215271528828,1.16371040819478,1.74815047907029,0.953952233023792,1.8325346055631,1.2900513972903,1.09363078205315,1.17960413922183
"Ifrd1",1.1044074063647,0.996800469882048,1.10795233322411,1.22421791210822,1.11796680620635,1.09503958911125,1.13032030982308,0.919764926005764,1.22892304094666,1.03139857049718,0.853408501863603,1.20856373969195
"Zbtb10",0.966578244880647,0.9913260610498,0.975035644535618,1.14582829303589,1.08568356435019,1.0553980281738,0.971594380861325,0.959940854273642,1.01213983813253,1.00515302485237,0.9766508070882,1.02918363201803
"ENSMUSG00000089726",0.966824187671436,0.930665784044631,1.03885218974062,1.05026120494155,0.978249364708422,1.07361296907624,1.05270503776853,0.984033321955657,1.06978596586181,0.824848252138879,0.826022271978938,0.998578706797764
"Slc25a25",0.983302079908513,0.860796725490709,1.1423162412101,1.07594394421161,1.1311066542453,0.951231203683001,1.09960526058696,0.803736208543872,1.36811711217928,0.946353767289901,0.80591790656793,1.17425578905428
"Zswim4",0.752212751811969,0.638203526970962,1.1786408567532,1.09379314294095,1.11088986134482,0.984609888883879,0.88159675921834,0.775159993073297,1.13730941624457,0.812734047590566,0.684885700364644,1.18667107103835
"Stk17b",0.893370846075425,0.849895937336164,1.05115321397526,1.23777301393543,1.03942341593934,1.19082656302951,0.824791730098295,0.686056311015175,1.20222162066818,0.932165121757431,0.736001119514609,1.26652677155191
"Creb5",1.02410009541631,0.945457742651208,1.08317913029575,1.10603468121432,1.13890067157834,0.97114235579608,0.998217800474312,0.943314139089811,1.05820294545513,0.966604684668107,0.958400143563169,1.00856066347657
"Hivep1",0.968658638395522,0.896821187178495,1.08010231275092,1.25882214938528,1.15033197086921,1.09431206057334,0.926981073241262,0.778354395755171,1.19094987873987,0.856064212496758,0.698731194589637,1.22516959186218
"4930523C07Rik",1.11917599705375,1.01626246167086,1.10126668972274,1.20175621735429,0.881880825221291,1.36271952284793,1.02024684031526,0.883491922022626,1.1547890986706,0.923578564516037,0.835863672461339,1.10493923225112
"Itpkc",0.881344887865134,0.809528765781538,1.08871349001942,1.10236559410126,1.09562704662124,1.00615040264002,0.905245195920157,0.710929117223611,1.27332693793076,1.0215925360332,0.866062423048503,1.17958302871199
"Arg2",0.848604260979135,0.450379262778257,1.88419923187481,0.706317444088348,0.40959983160414,1.72440853142482,0.525828025079701,0.45398299284535,1.15825489801735,0.65188220819725,0.390300226564455,1.67020709656082
"Fgf7",0.889294084959438,1.00815603908269,0.88209964577368,0.928415496096529,1.04969718359942,0.884460309699017,0.709046277838495,0.787404540535151,0.900485381195032,0.967860198776443,1.02982973543233,0.939825454127253
"Nfil3",1.02224215616545,0.993086016512397,1.02935912818051,0.997049984372561,1.02931557679062,0.96865335263004,1.03822737303,1.06054988118988,0.978951948837305,0.910705414608478,0.895859913915799,1.01657123001273
"Fas",0.795784872849367,0.689436309377032,1.15425436987563,1.065832830325,1.02005913479887,1.04487357052604,0.913608554106093,0.708316135265429,1.2898316283078,0.743965525485328,0.651319707566501,1.14224322839083
"Tnfrsf11b",1.10619699381011,1.00984731814782,1.095410141643,0.996746487748483,0.985983503994948,1.01091598765083,0.915261692459567,0.804804604250508,1.13724708783435,0.916614589840852,0.840478600261347,1.09058647008482
"Arid5a",0.829361981066384,0.775094429739161,1.07001411601614,1.04636033886879,1.1065188477751,0.94563263967236,0.930565993887694,0.809969891411958,1.14888961152063,0.86482181424281,0.74741041280472,1.15709093615313
"Trib1",0.912386947001367,0.899621345941415,1.01418997127796,0.907830861522434,0.979446787434455,0.92688124885313,1.05007473285632,1.08597360335496,0.96694314632719,0.890533010206511,0.93086614090508,0.956671395675266
"Rasgef1a",0.944072497615093,0.904231866576932,1.04406019353087,1.84388427435216,1.09587985153756,1.68256061261197,1.21350805738948,0.853146898663891,1.42239051597087,1.10521498833553,0.778695968080643,1.41931515461638
"Klf10",0.772154514973916,0.697444242662871,1.10712006457434,1.06436106200757,1.0413038527446,1.02214263320183,0.931726248335667,0.820018553434406,1.13622581395678,1.1024637523871,0.8825821870297,1.24913437931192
"Irf1",0.62450192095791,0.468745804636824,1.3322826887843,1.32812366483786,0.892512424343197,1.48807302689958,1.21147286159608,0.49338234521883,2.45544428846305,0.979630940869383,0.599261929383865,1.63472914402655
"Tnfaip3",0.660810795156913,0.438742091771232,1.50614861794813,1.11772237050295,0.910654127702933,1.22738407096702,0.870635968266015,0.240465283558589,3.62063061819852,0.648118838008938,0.420456692843491,1.541463958216
"Nr4a3",0.97510965130776,0.934412446188726,1.04355379178117,1.05455079627122,1.17538876034844,0.897193194155269,1.04415847495226,0.90677414816421,1.15150887028064,0.913763100982211,0.834427763864112,1.09507753762975
"Rel",0.599503813076707,0.590321616084136,1.01555456676901,0.95069859989946,1.09710793917905,0.866549740411919,0.737724897801279,0.658494404427192,1.12032067826454,0.656669443604357,0.573790289836446,1.14444154116225
"Klf5",0.759775439460334,0.91355075599443,0.831672936040968,0.801529407389657,1.09469861555385,0.732191852626151,1.08073427421032,1.24282305070535,0.869580165573017,0.819386832485285,1.06192546864869,0.771604841089239
"Gadd45b",0.776047047818913,0.711140363546793,1.091271270201,1.0373406377514,0.995494677954518,1.04203534255237,0.990599460516718,0.633248711879907,1.56431342367196,0.718592172491205,0.67616709765237,1.0627434771466
"Pim1",0.569087536192012,0.486280656431904,1.17028618898334,0.93443971554068,1.0377220786357,0.900472038495308,0.850972337880221,0.614957808921713,1.38378979099777,0.539359578500311,0.477135975678149,1.13041062924196
"ENSMUSG00000097418",0.394438983593178,0.291713230255741,1.35214636390464,0.900380649091318,0.793065539007884,1.13531682415262,0.544981651861878,0.346659073641261,1.5720968908659,0.305316800137526,0.185465143890202,1.64622200017421
"Zc3h12c",0.60413094100796,0.615552601272436,0.98144486719597,1.00856634962264,0.974342632995947,1.03512492984266,0.62505348213316,0.593080547807306,1.0539099359169,0.473774128522782,0.374201380211427,1.26609401668988
"Nfatc1",1.02602269163724,0.985420753455526,1.04120264165265,1.26513856903226,1.23657879527957,1.02309579774593,1.14334755992979,0.850194579915226,1.34480692648475,1.02999448733771,0.818501379404977,1.25839065547633
"Cxcl10",0.225313328011564,0.174220105864113,1.29326823040334,1.30470364582989,0.718760110080586,1.81521432190166,0.677198487119668,0.223418199912144,3.03108022258691,0.588274674021534,0.316316980773567,1.85976317990543
"Zc3h12a",0.34228568433871,0.593015494579345,0.577195178654666,0.493190735887121,1.09458760962076,0.450572189518934,0.393621549688139,0.500631849684309,0.786249516358879,0.364257833901149,0.631735006094131,0.576599096753035
"Rnd1",0.491753046642216,0.436382130084025,1.12688630615449,0.685344628298347,0.749442759820941,0.914472278659536,0.434624149955152,0.233628150085598,1.8603244078075,0.563455779192264,0.588043194293022,0.958187739711335
"Stx11",0.755311132968257,0.637931605017967,1.18400017655025,1.36588388402926,1.09504805294241,1.24732780480191,0.825941750424315,0.465138931942392,1.77568828086531,0.743705347774636,0.57419507126857,1.29521374353069
"Bcl3",0.509788587445361,0.506662306328768,1.00617034477904,0.741075900010546,0.928548701458941,0.798101272282394,0.636692457138048,0.586539246888026,1.08550699806725,0.7654890099176,0.768887449561979,0.995580055772383
"Cgn",0.532979572523032,0.768128373831381,0.693867836003193,1.13716052318974,0.976398191727035,1.1646483297745,0.804288252286128,0.590689961134302,1.36160812813147,0.763885177064232,0.696893500873406,1.09612900121305
"Pdgfb",0.396887746109662,0.30495862353366,1.30144785384584,1.02778103436277,1.00056706140029,1.02719854971479,0.338180870392306,0.148924375905566,2.27082281416944,0.930451569154595,0.696720207887154,1.33547377931845
"ENSMUSG00000073234",0.816610045773821,0.738141923341025,1.10630492585712,1.41381111109567,1.04145498794461,1.35753453338,1.03325832952048,0.573541225667497,1.80154151659798,0.958945577852145,0.665005940133016,1.4420105445379
"Csf1",0.601945657537749,0.569721335948263,1.05656154957906,0.988066878568031,0.98992417765513,0.998123796620972,0.834195620366189,0.60410407920112,1.38088062816816,0.775749525074593,0.653384648629086,1.18727846866658
"Plekhh1",0.729844851040697,0.65731356315064,1.11034503463218,1.11707576794542,0.931774068011876,1.19886977572677,0.999197127308784,0.63107356292099,1.58332908557268,0.795698944885601,0.657473087160722,1.21023804688615
"Rrad",0.690524468883321,0.549811038376478,1.25593053010058,1.1365218530621,0.948229422086856,1.19857265192304,0.730452005901357,0.531426033233668,1.3745130276299,0.91545798323706,0.743379028762,1.23148212125601
"Dot1l",0.986384448597106,0.900235047957885,1.09569656373038,1.04140732995341,1.03030736579348,1.01077344929139,1.09969131415721,0.945332269810269,1.16328549154248,0.9769611652823,0.852571176833818,1.14589982845823
"Ccdc88c",0.895893823269806,0.75002889098625,1.19447908478799,1.04625895545664,1.02331006387685,1.02242613689623,0.755555296679429,0.651924796343982,1.15896082019983,1.06133989369354,0.979373483469916,1.08369269906432
"Errfi1",0.92886521841757,0.80039315029114,1.16051120387487,1.06075803101449,1.04454655354424,1.0155201100566,0.951464805596252,0.778706010593384,1.22185368117452,0.925706277890457,0.78337396912762,1.18169139436857
"Sik1",0.712685960358657,0.626976468394868,1.13670288485183,1.12192565383031,1.05045727679488,1.06803549141331,0.977651860777933,0.84673168276225,1.15461825827586,0.997697783353157,0.863815375720585,1.15498960934898
"Kcnk10",0.663549475413237,0.847174700511886,0.783249871617156,0.887809729951177,0.945034534244977,0.93944686440531,0.683594538817273,0.638172585496075,1.07117503063202,0.750248997605278,1.0408430280589,0.720808976358752
"Ccl1",0.300306119147666,0.22990131473802,1.30623924221519,1.25646241758157,0.664746692036398,1.89013714943432,0.578539665933435,0.1242611768984,4.65583604126387,0.796605491210692,0.544423207408923,1.46321001818049
"Zbtb46",0.878288611498139,0.764200862533766,1.14929026458581,1.40790718124063,1.05269609867802,1.33742984609583,0.755739408535178,0.676010726313853,1.11793996621336,1.10214083687835,0.585863498657556,1.88122461871031
"Ccl2",0.360065946215912,0.285878054023503,1.25950887501952,0.859455140916735,0.947965527160579,0.906631218427364,0.407851755718043,0.222707030833931,1.83133758368936,0.55886479054909,0.513514165643623,1.08831426266231
"Micall2",0.665598178897881,0.665160902501812,1.00065739942685,0.910471539180808,1.07508786980082,0.846881045499554,0.702592331785712,0.652062494904527,1.07749232209496,0.865707546768589,0.87169589095203,0.993130236994807
"Slco5a1",1.1481111793782,0.981427555653069,1.16983792921344,1.31075026231252,1.09843710830321,1.19328658182104,1.30888663741649,0.846948065323759,1.54541546407117,0.94909194622646,0.774781044870177,1.22498085428186
"Wnt11",0.713682362858001,0.703597959865651,1.01433262113818,1.24101730532961,1.03727780882311,1.1964174831212,0.753291073984734,0.596263379184544,1.26335290792962,1.13428204818319,0.980581261226973,1.15674456879167
"Tjp2",0.783126432630928,0.678249529820608,1.15462878807754,1.14089504036351,0.934393434920562,1.22100070240809,0.916286891628976,0.739241783403943,1.23949553745434,0.984215647463976,0.703958781864745,1.39811544769261
"Ccl7",0.435943764969372,0.382547946416624,1.13957941495416,0.808614173919301,0.883787180137146,0.914942185282457,0.5271575038028,0.369388141136275,1.4271099829605,0.480113565614814,0.481770238753068,0.996561279620464
"Birc3",0.57746548489851,0.481879881825453,1.19835981263829,1.11220383832166,1.00110483956126,1.11097638765695,0.795476657959247,0.552791363135911,1.43901788451725,0.649028143951752,0.47733871689146,1.35968049727534
"Angptl4",0.665548688675689,0.624244841140128,1.06616610152536,0.870869227779932,0.973185650904218,0.894864435137098,0.641920209814387,0.491174404629825,1.30690891822462,0.554556896009141,0.818678559956235,0.6773805045521
"Bahcc1",0.902351818520718,0.824607092231101,1.09428093333428,0.988181504597973,1.04678080237069,0.944019514266976,0.904987454089332,0.801542767672328,1.12905697685653,0.939937714068219,0.843610829385248,1.11418403051223
"Bdkrb2",0.455868776354069,0.50618110103256,0.900604102808543,0.982206385951605,0.947719821129406,1.036388987603,0.486379233560189,0.424373345898589,1.14611164499576,0.779010643988726,0.550112121776181,1.41609430723593
"Icam1",0.392344198857866,0.287327593929802,1.36549432475922,0.932341159791188,0.677673181768082,1.37579763354168,0.709302892419066,0.321042893108122,2.20937110786684,0.614191347902935,0.396397152749435,1.54943430759496
"Nfkb1",0.703678657790366,0.67283949929445,1.04583434612304,0.894983336036114,1.02460633768387,0.87348994742628,0.751179713670084,0.597651192562834,1.25688649670202,0.719634284505496,0.682760738579846,1.05400654115283
"Nfkb2",0.594385558067602,0.486270514148295,1.22233518334681,1.01424541116774,0.962665033692091,1.05358081541388,0.722309573450278,0.562209246303343,1.28477000013719,0.739816879435636,0.610517684528817,1.2117861581792
"Nfkbie",0.493409209974053,0.318312088915386,1.5500800225819,1.12067279679244,0.850598090197144,1.3175115365386,0.68763302161738,0.339461372406541,2.025659110321,0.792867259111938,0.474878032337324,1.66962294551611
"Rab11fip1",0.398309321638752,0.368431626228832,1.08109427444039,0.817458797959648,0.789219036967579,1.03578190549049,0.647018972979164,0.571664498449489,1.13181590729188,0.354215494991485,0.281899269267638,1.25653215033767
"Relb",0.657924060824679,0.524526812628002,1.25431921683531,1.02362971436062,0.946991259609261,1.08092836546663,0.800299100685423,0.566240605088025,1.41335519476038,0.858080906430233,0.718128952806161,1.1948841542695
"Rhof",0.634365709947681,0.556125419040819,1.14068821209756,0.988271155489306,0.759207282028393,1.30171453683758,0.750899119920506,0.618950006089605,1.21318218358947,0.547441827283998,0.403260341524357,1.35753946250857
"Ripk2",0.440359577917065,0.417975435489231,1.05355372715058,0.842632656310241,0.896904169609975,0.939490176165271,0.687597749462255,0.408895513669023,1.68159768565919,0.736403336923628,0.64040485039902,1.14990280986285
"Trim47",0.685770953670388,0.586144962648817,1.1699681774477,0.995761271483055,0.963027896523274,1.03399005893594,0.816536703234406,0.607035396815398,1.34512205963291,0.835158721511572,0.720219762347782,1.15958873273501
"Vcam1",0.718540888022155,0.638067725931014,1.12612009481238,1.12399403324732,0.894212817835802,1.25696479722539,0.66172591525909,0.386553944828178,1.71185917027241,0.988580998261834,0.649866011218498,1.52120741998531
"Glrx",0.643290272909628,0.601494653770478,1.06948626870938,0.876554951233106,0.939766223107446,0.932737237921444,0.577217940165917,0.497980708767931,1.15911707020545,0.735166268351136,0.749825758860898,0.980449470644977
"Slco2a1",0.672408076459983,0.54659532076209,1.23017532517929,1.00628524292433,0.908928102695209,1.10711203662911,0.812396828098104,0.770379223973666,1.05454145545061,0.833180311979325,0.760803959432189,1.0951314088864
"Ngef",1.16288137383907,0.926292319325146,1.25541510987189,0.941863216948789,1.08441873548191,0.868541999627317,0.85687747927202,0.822517162751174,1.04177458912336,1.07004263925519,1.05268846830663,1.01648557144022
"Rffl",0.694971060911279,0.619800621714956,1.12128164535933,0.757958473290111,0.826344558092644,0.917242651224834,0.715367397327065,0.558962628364271,1.27981256890195,0.600636065890106,0.57450656744181,1.04548163577076
"Gbp2",0.43920268882504,0.321461543652777,1.36626821309438,1.1516126240451,0.774047954593192,1.48777942918322,0.686024730299494,0.24835589952548,2.76226468390823,0.716868371797877,0.438047101273251,1.63650979475538
"Il34",0.591247123642426,0.444832469001301,1.32914561063818,0.898166814530404,0.797189420552752,1.12666675118147,0.680339218616933,0.597088681514071,1.13942742456909,0.835890577167998,0.739898178489801,1.12973730909046
"Gjb2",0.925456615089222,0.750878172857919,1.2324990238654,1.10888883064057,0.769172507623287,1.44166467164433,1.35305021757238,1.31831578439009,1.02634758196296,1.0524631687952,0.773672539780611,1.36034706504336
"Slc7a2",0.571435680488538,0.537388876505041,1.06335598943715,0.876930433997282,0.760487854970771,1.15311563263688,0.577091228761994,0.410590624107468,1.40551487267022,0.554491155678586,0.509789422224597,1.08768666336567
"Sod2",0.425295785055989,0.36640635325186,1.16072164492096,0.807621802181709,0.760056834092204,1.06258080442934,0.552175982125477,0.494783031210389,1.11599619892923,0.43907612959792,0.374609942752971,1.17208883024085
"Tnip1",0.533482073970649,0.437991682837152,1.21801873157715,0.909726150328538,0.807011531613689,1.12727775836048,0.597880470109552,0.525813976211516,1.13705701475886,0.673564368239122,0.48122503334112,1.3996868857021
"Mt2",0.637200031737136,0.566668069580672,1.12446786036252,0.823442917627852,0.900905661775136,0.914016808380745,0.64831305221657,0.597292517313523,1.08541967867357,0.779286391613743,0.855954559872201,0.910429628098593
"Ch25h",0.424568318882232,0.368647961936342,1.15169040038134,0.676910492178241,0.794447994997519,0.852051356968123,0.42192360162812,0.343320621680265,1.22894919496289,0.443136431022491,0.412786945594898,1.07352336538612
"Mnda",0.681870969354271,0.667776414341644,1.02110669785563,0.750144787829341,0.676681518038445,1.1085640258121,0.648945221770065,0.704843750426275,0.920693730174378,0.49789620611539,0.405957608981556,1.22647339303353
"Ikbke",0.567193319122228,0.511552772324987,1.10876795084964,0.70031475609124,0.653484741699108,1.07166198597135,0.596731811375932,0.506280128761465,1.1786593576875,0.589290545799652,0.474522890190619,1.24185905038834
"Adarb1",0.856633174614447,0.862676959829037,0.992994150190602,0.873371172140818,1.00905087966769,0.865537298206852,0.860471405645654,0.765304236115859,1.12435207468966,0.761295318807527,0.845355879631928,0.900561925634206
"Ifi203,Gm16340,LOC102641031",0.490606469729927,0.373946415822756,1.31196997476362,0.882970231426116,0.666969512236816,1.32385396217722,0.377715364584793,0.210460838846495,1.79470616317504,0.403241120907214,0.337853249657847,1.19353926983265
"Cx3cl1",0.477285585423267,0.426755616619889,1.11840492974316,0.754808319749046,0.774289904873599,0.974839417378516,0.610401190635207,0.342648205260059,1.78142240719437,0.812916018731866,0.667799340088162,1.21730581318716
"Gch1",0.37442364973137,0.300824426932285,1.24465839941798,0.738274369945032,0.720530090932341,1.02462670086371,0.446870091840142,0.264450942754762,1.68980336082426,0.552344347571299,0.460442172331943,1.19959547748181
"ENSMUSG00000041481",0.559205166474309,0.473098195023457,1.18200655245912,0.835902348094616,1.06072217866629,0.78805022173256,0.568137191208682,0.51797441425415,1.09684412120387,0.612126855693705,0.848983744896641,0.721011278924107
"Atp2b4",0.846271585409447,0.852002055522362,0.993274112338378,0.838375526124113,1.02830649448621,0.815297317112643,0.862881233567547,0.81884422455175,1.0537794707411,0.779224820476882,0.800517907987575,0.973400860495149
"B4galt5",0.666550087056093,0.637486292282999,1.04559124662745,0.972509339936061,1.03701725216823,0.937794755007891,0.879722619225605,0.806310757362908,1.09104661099003,0.729992021586141,0.793596308466262,0.919853096339315
"Cebpb",0.601428528468955,0.596385301547526,1.00845632330029,0.761904434209943,0.965015999100677,0.78952518395548,0.757149479696497,0.652920992876897,1.15963414862853,0.704284459550469,0.695294081977377,1.01293032373801
"Gda",1.03315175794621,1.04669902562689,0.98705715076732,1.06992139183909,1.06471727855325,1.00488778889069,1.11810157744208,1.19857710059948,0.932857449790131,0.758026665765327,0.829009812369643,0.914375987418752
"Il1r1",0.801779398980298,0.824536433092446,0.972400207924352,1.03056532541933,1.03931105500947,0.99158507017896,0.814300148214282,0.850920982944439,0.956963295694697,0.808210629238565,0.781889885313216,1.03366298045256
"Jak2",0.719425641170322,0.703041492186735,1.02330466859449,0.926292046362644,0.974249556068622,0.950774922701016,0.698367320630344,0.634532327775851,1.10060164007442,0.66333653295508,0.580986627556776,1.14174148163205
"Nxph3",1.09180209563458,0.986033019826702,1.10726727572112,0.898240235341943,0.87549796910078,1.02597637806576,1.21480708704879,0.915994085023747,1.32621717422695,0.923901154699613,0.92787083393239,0.995721732931347
"Osmr",0.862111453140309,0.880642582753905,0.97895726373389,0.822003888169319,0.982543954736995,0.836607750937057,0.842292008790428,0.92022851452765,0.915307443198251,0.772025658180895,0.830895668382533,0.929148733779973
"Rab20",0.548334180685574,0.438117066742872,1.25157000790245,1.06567249232468,0.778892746494896,1.36818900563694,0.750052057892231,0.543724817264334,1.37946997097907,0.692572073290859,0.554574084559399,1.24883598526083
"Sdc4",0.742804727630231,0.667536568387341,1.11275511006794,0.875635137084407,0.977896186800665,0.895427499261633,0.876328114013166,0.641317884404046,1.36644889426015,0.594941542750351,0.512014862730835,1.16196147037066
"St3gal1",0.699727831130993,0.593894237773273,1.1782027617485,0.984137776989777,0.857960715653078,1.14706624561552,0.865973068312206,0.778434873174204,1.11245410265479,0.716642814138366,0.542932025141034,1.31994942451996
"Ifnb1",0.109381647816227,0.103209416547705,1.05980298576409,0.310634996073051,0.291855782676326,1.06434415389861,0.0892036320102356,0.0892036320102356,1,0.0763341789574351,0.06948566458595,1.09856010462437
"Csf3",0.279503016757225,0.347810402969542,0.803607409010424,0.142687471158056,0.492324798564287,0.289823855256041,0.306938103387889,0.334747694534396,0.916923726135926,0.240927515629536,0.585544346907428,0.411459041321128
"Cxcl3",0.160392025934903,0.157952978458819,1.01544160483634,0.286038743620643,0.308510374744995,0.927160857579178,0.118932361648262,0.105551650605671,1.12676932066728,0.0560661578178059,0.0337422843250611,1.66159935343098
"Ccl3",0.144241816250254,0.0996900191513685,1.44690328558608,0.187130146695932,0.153014524621548,1.22295675628678,0.164485273820367,0.159563085205911,1.03084791578268,0.121630379692997,0.104321130214414,1.16592275642535
"Il1a",0.042315069782036,0.0274986370980499,1.53880607359398,0.0582259011681298,0.0536302844194931,1.08569070252714,0.0222537699496873,0.0104032088300167,2.13912556340097,0.0287071597786862,0.0116524746996377,2.46361056502261
"Nfkbia",0.634994202176163,0.418681509578729,1.51665212732964,0.75346110040468,0.752611217261881,1.00112924591516,0.728722718874992,0.281819049611746,2.58578233046678,0.340913590301424,0.445133320056278,0.765868504874725
"Slfn2",0.393226284571054,0.23335275702401,1.68511522891754,0.862124593808908,0.527161959037398,1.63540744742499,0.531011918161814,0.292641056778596,1.81455030270603,0.433029623279052,0.241211466379808,1.79522818619746
"Nos2",0.0684405305598156,0.0691651744555566,0.989522994752126,0.116756865719518,0.417800536527687,0.279455997567349,0.035884219932901,0.0273909088140069,1.31007774063163,0.0755442653235854,0.216071717019858,0.349625885171461
"Irg1",0.00647148580040233,0.00157947660616522,4.09723434658163,0.0653205110436185,0.0123086595558615,5.30687446079472,0.0202115457332652,0.00678240193649038,2.9799982251898,0.0488287651161147,0.00428241269885361,11.4021624140023
"Hivep3",0.669709184351818,0.570799334258159,1.17328305090301,0.858140962250369,0.743066591913121,1.15486414217732,0.71490471169774,0.522774786674507,1.36751949390179,0.588406567160757,0.541491325213402,1.08664080062384
"Ifih1",0.236976313442389,0.234273038972713,1.01153899092072,0.670260273392356,0.563420971258482,1.18962606573773,0.492680555808407,0.443548692457965,1.11076994293045,0.251840644906737,0.224358894441878,1.12249013141745
"Oasl1",0.176427999550948,0.168218366863336,1.04880342640754,0.667172481220856,0.648697351995209,1.02848035246147,0.203415308496359,0.220672400290702,0.921797688466663,0.206907151030295,0.232364285201985,0.890442999234751
"Ptger2",0.440236139149006,0.408223109994603,1.07842042346605,0.609335587406331,0.983297291616428,0.619686022326629,0.343801648274764,0.257738890422355,1.33391451989018,0.690423504119962,0.740228476135896,0.932716757566631
"Rsad2",0.107621642396674,0.0720199997134423,1.49432994758242,0.373793461571982,0.357740852472696,1.0448721720998,0.0728649270387901,0.046898572053167,1.55367048182589,0.0474062213363818,0.050183883615297,0.944650312434798
"Tnfaip2",0.268490531981535,0.219725541713883,1.22193592009049,0.743943369826682,0.683158166095079,1.08897676518902,0.391746880235798,0.197795352329172,1.9805666595434,0.368311993199524,0.22946964713292,1.60505756557067
"Tnfsf11",0.500876658595887,0.522581934472859,0.958465315302437,0.835445483688614,0.891690615879319,0.93692304125547,0.454284327970198,0.409457282012823,1.10947917628187,0.45156104930632,0.40566881291739,1.11312734656355
"Slc39a4",0.754838923531992,0.610424806758244,1.23657969855564,1.06621791857604,0.914943985453329,1.16533682446992,0.504214188110945,0.574842116700988,0.877135083637615,1.14039881071219,0.857476862772329,1.32994703440176
"Il1rap",0.780426610688139,0.817968434659549,0.954103578597094,0.847296026333459,0.986951828529152,0.858497853533722,0.610944277685339,0.607052307058259,1.00641126074611,0.679800392512026,0.792422380684166,0.857876315816694
"Cd274",0.629630258205171,0.506656293063087,1.24271674274215,0.862924735760853,0.711480097070489,1.21285857371687,0.578762734891355,0.48588908071171,1.19114167793935,0.435151670483503,0.318621013705571,1.36573437333175
"Tmem158",0.639867318790986,0.671451826174504,0.952960873509771,0.902253686001801,0.921267962012772,0.979360754096528,0.55785134838189,0.415328871262595,1.34315571822885,0.871923449316756,0.794591155914688,1.09732337545722
"Slco3a1",0.625634415728336,0.635184395424344,0.984965027848916,0.898497635486796,0.990037125040157,0.907539336416654,0.76017379172313,0.788452381455243,0.964134055020648,0.676079682886031,0.708378746314989,0.954404245473233
"Egln3",0.700544095034518,0.720894657199911,0.971770407836787,0.980898927445392,0.894091336550345,1.09709029418625,0.722165810557361,0.64817699961619,1.11414908425474,0.821819040897175,0.704741302130441,1.16612867503693
"Adtrp",0.677666301050274,0.668772349014924,1.01329892309162,1.47101498023764,1.14864263312675,1.28065504258131,1.32129791608186,0.643679690293239,2.0527258137971,0.97422434950807,0.740921495682532,1.31488201541598
"Grem2",1.00869949798461,0.945867052903179,1.06642841072493,1.02343936987867,0.957021039173057,1.06940111866611,0.754723818607145,0.67163293774494,1.12371472003918,0.660899005480781,0.611778706702788,1.08029095854403
"Gsap",0.599818132604161,0.504967163303527,1.18783591527044,0.882802635605527,0.785314639390305,1.12413877358877,0.561316846469049,0.419267239795065,1.3388044502199,0.7704685612302,0.528217541568769,1.45861979316696
"Timp1",0.597127247751307,0.595318566246196,1.00303817419389,0.83380841645174,0.842975931572832,0.989124819846295,0.740606358226896,0.684820943564716,1.08145985485169,0.686889823493983,0.71607469253077,0.959243261434585
"F2rl1",0.81758662991535,0.675265243385393,1.21076367830875,1.04308736062357,0.934923620518363,1.11569259534297,1.09354931302987,0.928043169638107,1.17833884112988,0.893888217079672,0.613250076239518,1.45762430648365
"Rab15",0.859683992565497,0.846834632006017,1.01517339994592,0.981592904058731,0.944164879309719,1.03964140752236,0.807700205646756,0.753249854685436,1.07228723725949,1.04284629223849,1.05893044701812,0.984810943131421
"Il1rl1",0.701511731978301,0.70110793789014,1.00057593712229,1.06840065619515,0.961466423400533,1.11121993466648,0.766913607837008,0.657209775320938,1.16692361653096,0.752020175877476,0.6617182776374,1.13646577598323
"Slc6a12",0.551725782520002,0.470846671068359,1.17177377779506,0.729511312541648,0.748519785221291,0.974605250181832,0.571789854664778,0.435763250883857,1.31215712546898,0.343452517065262,0.307849255423007,1.11565160875031
"Exoc3l4",0.507820699519469,0.499478501507158,1.01670181596833,0.913514385008057,0.903785103447997,1.0107650386391,0.772269522341649,0.512524456198792,1.50679545727299,0.596213664185025,0.477767475369687,1.24791597360973
"Flt1",0.684836572675488,0.689343403026106,0.993462140450123,0.953736007098384,0.947675863981789,1.00639474249258,0.805419403853692,0.711810297528233,1.13150850254698,0.652357733511461,0.542580948388585,1.20232333156721
"Nptx1",1.02422283047712,1.02690688890863,0.997386268939767,1.42167808335369,0.882705308578861,1.6105919716769,1.8881018908221,1.53625004978862,1.22903292408804,1.03495259946293,0.708149181793263,1.46148950824471
"Mmp9",0.450342452185501,0.422708771421676,1.06537285864896,0.834316585383148,0.908223302429617,0.918624949559476,0.170219807245571,0.101247923532178,1.68121776039656,0.713150305892483,0.497715871707858,1.43284622096817
"Acpp",0.391630604436143,0.446635441428646,0.876846233213019,0.793325577041981,0.88390077903054,0.897527862699813,0.426430717992614,0.255846912793473,1.66674169852829,0.647693174523361,0.725143663199094,0.893192904239076
"Kcnq5",1.02951305603341,0.978465732047024,1.05217078362018,0.876243711590442,1.13531642384024,0.771805721462677,0.79208934012656,0.699296523801703,1.13269451965869,0.958335761532922,0.89918626472486,1.06578113915715
"Pilra",0.320994434060865,0.290783305415879,1.10389567792339,0.651383867105504,0.584837506961821,1.11378606767098,0.322199696963783,0.38539033176104,0.836034717039974,0.235795494250943,0.173900197149155,1.35592424917552
"Prokr2",0.5810278875138,0.548207167971571,1.05986919080914,0.607482617049899,1.06189479926453,0.572074199318654,0.793181026878194,0.806554371952578,0.983419164858026,0.606213894798811,1.12987507414036,0.53653178893254
"Mmp1b",0.531403678217451,0.51203508974103,1.03782668192959,0.750844405552513,0.773100730646844,0.971211610321841,0.418384606241153,0.267853448868555,1.56199073787722,0.674436517435477,0.419428702235527,1.60798847060484
"Mmp3",0.204040323449034,0.196405112110446,1.03887480960421,0.616316929541135,0.733266507969541,0.840508768425485,0.190749447308853,0.0770965129283918,2.47416439555474,0.291992775499667,0.305192954326672,0.956748087923171
"Rasl12",0.689115641221913,0.719485073405726,0.957790045539017,0.810108653633995,0.847700003494338,0.95565489004909,0.580263705993215,0.475256807705452,1.22094769940222,0.763037471200851,1.1079068968878,0.688719849424426
"Rbfox1",0.629162478311197,0.504540036213532,1.24700208735253,0.973294224097715,0.909436102523014,1.0702172713372,0.970112293876378,1.01748598096348,0.953440452278033,0.657406975059888,0.565132483573042,1.16327939760858
"U90926",0.460881828367962,0.494290683588137,0.932410509990488,0.714001475128933,0.988237716524941,0.722499721665817,0.280034742060396,0.208171853853841,1.34520943574346,0.292618823443763,0.267766403354865,1.0928138100132
"ENSMUSG00000097804",0.347516649961732,0.458482609119371,0.757971279715982,0.715740516507205,1.03112161089073,0.694137829085862,0.311052145744172,0.191638663591001,1.62311790280496,0.374861766923184,0.463989765358434,0.807909559456773
"Tmem132e",0.380718372541189,0.33156753905479,1.14823777269185,0.853027602127775,0.662637174523617,1.28732228574564,0.359697300995668,0.225594959577393,1.5944385533679,0.587521701266521,0.411724457283686,1.42697789959489
"Fpr2",0.123755707516319,0.100018690119629,1.23732581748769,0.225243866248312,0.209727479790982,1.07398356416047,0.227347716320025,0.193255039695466,1.17641287222461,0.149251383962193,0.0877715185075239,1.70045347853243
"Itgal",0.277822181939295,0.229814574331261,1.20889714130503,0.593773404408809,0.557562530204597,1.06494495638171,0.3875951129156,0.332674181604837,1.16508925052681,0.21635593485358,0.142622537408711,1.51698279097064
"Kcnn3",0.494335063838722,0.681979240189527,0.724853536159463,0.72305003329623,1.03487360376708,0.698684390696828,0.333852235035634,0.341556408411548,0.977443920868757,0.777999538438895,0.860384474301125,0.904246370869082
"Ptges",0.354039567202512,0.33041446310788,1.07150142240268,0.602586129260745,0.600612060605466,1.00328676159664,0.246010897701206,0.173025119666634,1.42182186132969,0.282014254325333,0.289091341925116,0.975519544955393
"Fpr1",0.0705409833765552,0.053878734725324,1.30925463888816,0.278893254033073,0.169051450802743,1.64975368569004,0.151205267001193,0.133613670541035,1.13166015415134,0.106637494102468,0.0666672556199465,1.59954828064893
"Ccl5",0.0625020194114016,0.03829320605539,1.63219604336587,0.851112883943868,0.521965301779032,1.63059284025775,0.0689094216803876,0.0132202246359877,5.21242441620883,0.30695003184601,0.119092043418583,2.5774184658764
"Lcn2",0.0818939166601612,0.135206063102491,0.605697072904805,0.306744911310242,1.06267061938426,0.288654739968231,0.112145313421155,0.114901837753004,0.976009745485759,0.285864917437055,1.20891698267288,0.236463646002404
"Steap4",0.213330272615067,0.303645182699297,0.70256432431642,0.133439335470253,1.03674167765779,0.128710303005971,0.205650006220773,0.1988221116363,1.03434172652267,0.411886077038397,1.02925286972598,0.400179673191538
