"sp.LT.avg.ctrl","sp.LT.avg.ko","sp.avg.ratio","sp.LT.peak.ctrl","sp.LT.peak.ctrl.1","sp.peak.ratio","X0.ifnr.l.1","X0.5.ifnr.l.1","X1.ifnr.l.1","X2.ifnr.l.1","X3.ifnr.l.1","X5.ifnr.l.1","X8.ifnr.l.1","X0.ifnr.t.1","X0.5.ifnr.t.1","X1.ifnr.t.1","X2.ifnr.t.1","X3.ifnr.t.1","X5.ifnr.t.1","X8.ifnr.t.1","X0.ifnrikba.l.1","X0.5.ifnrikba.l.1","X1.ifnrikba.l.1","X2.ifnrikba.l.1","X3.ifnrikba.l.1","X5.ifnrikba.l.1","X8.ifnrikba.l.1","X0.ifnrikba.t.1","X0.5.ifnrikba.t.1","X1.ifnrikba.t.1","X2.ifnrikba.t.1","X3.ifnrikba.t.1","X5.ifnrikba.t.1","X8.ifnrikba.t.1"
"Zswim4",1.32941112416819,0.914249651731441,1.45410077176459,1.25172133984185,0.783253946985656,1.59810409466697,0.133507050995754,0.154849347164757,0.165046146158731,1,0.514504722849189,0.409651188985332,0.211974704263589,0.133507050995754,0.150691624682151,0.200887458556224,0.798899857476544,0.355854471546006,0.192376605207444,0.115662796041757,0.192182519423912,0.245052136819878,0.281602106627235,0.725488526363848,0.702810997362028,0.622652236019784,0.244768262619115,0.192182519423912,0.23542373621591,0.316751009062368,0.901225412416167,0.926249435647126,0.546931304601779,0.178538123329766
"Rasgef1a",1.05924068599201,0.542333384968719,1.95311724365466,1.02807469851328,0.39592407944537,2.59664605384309,0.575051172842211,0.567888519619162,0.347453284065818,1,0.373584208785523,0.409250770547577,0.147501018121035,0.575051172842211,0.308486078203974,0.376192702138324,0.972691966299844,0.463467584889108,0.23417289507941,0.299353746677993,0.168882826089669,0.0925798433874405,0.168176298840373,0.39592407944537,0.260082567867896,0.245364225536766,0.120093180891686,0.168882826089669,0.207494545412261,0.144117451256804,1,0.767041387735264,0.264385258400881,0.123744573944982
"Irf1",1.60127609930506,0.752941933402024,2.12669268142631,1.70236504358315,0.541552183008456,3.14349216381345,0.0657436561827185,0.0564040612626044,0.0956801621101038,1,0.353958791735011,0.40023764576848,0.17733199553115,0.0657436561827185,0.171295218609097,0.58741807685101,0.279228304964392,0.0888995144722701,0.0828261920775737,0.0668661828784478,0.109803782321652,0.0833727355338951,0.0743231394546038,0.511829674896018,0.541552183008456,0.160583880668817,0.120878403916092,0.109803782321652,0.104855651695351,0.339887427312899,1,0.400729217991171,0.0658961636639772,0.106938476734929
"Tnfaip3",1.5132924693861,0.894676555100195,1.69144084614649,0.822358218099553,0.970351403689232,0.847484957483428,0.0124120408540411,0.0350754183254967,0.286972041077431,0.822358218099553,0.54528005644433,0.310712670241826,0.0690690527553235,0.0124120408540411,0.163056194217099,1,0.104166901391883,0.0577913633305713,0.025582657461109,0.01271928910607,0.0231182462927228,0.0390038787543364,0.0826981922151561,0.676704917685407,0.970351403689232,0.452081708812265,0.0630170007191439,0.0231182462927228,0.0795772863899986,0.374009888189655,1,0.880510605320688,0.187712906903514,0.0336290217499122
"Rel",1.66804610444079,1.05185807584628,1.58580909605961,2.39879548563611,0.830545188883566,2.88821790522996,0.129962711733168,0.143464762835909,0.207700262929716,1,0.481269121530079,0.232942849456678,0.144131242878206,0.129962711733168,0.153933216478509,0.298131160367814,0.416875888748315,0.14731419481271,0.130415007785918,0.12588957599833,0.168420097165211,0.208683876574525,0.273343250266814,0.675326220239793,0.604351150557072,0.275387011722027,0.182826471994843,0.168420097165211,0.239671008465279,0.212696068921312,0.813111952580905,0.455888164240744,0.230164928985129,0.150637446977222
"Pim1",1.75719891300272,1.07015999359722,1.64199645241465,1.65384629875163,0.893194308840546,1.85160863922038,0.0612647666092232,0.118208277595882,0.405844168316585,1,0.594618328484036,0.282838006503552,0.126139099638289,0.0612647666092232,0.188969465594467,0.60465110981282,0.341569787938141,0.119107300847697,0.0817535049539491,0.0760019840252522,0.0841098114304852,0.155608959686655,0.356380089179967,0.766029695896864,0.685782092974309,0.312202213681048,0.0932604049398353,0.0841098114304852,0.182313852247707,0.452310485988527,0.857629396330621,0.480713024012196,0.147153171071939,0.0882996773865402
"Mir155hg",2.5352463666,1.11064137263414,2.28268676916571,2.50399793292348,0.954946404103889,2.62213452206588,0.0483644532550114,0.0506978717949109,0.253032977555833,1,0.624708335576155,0.401748738559174,0.103516699992055,0.0483644532550114,0.0727337071635888,0.399361352040924,0.214027172854482,0.101366214553295,0.0849845821733035,0.0581873217940718,0.1794754853521,0.136936871365166,0.545893254099735,0.954946404103889,0.629940049597374,0.390429145364414,0.158963633271937,0.1794754853521,0.178135095163801,0.412178431559909,1,0.514088072815893,0.20884774907185,0.205342172173206
"Zc3h12c",1.6552702934426,0.991506409443613,1.66944991749621,2.72064486610762,0.850817841887623,3.19768196218312,0.270897667103357,0.228299472355877,0.296961800824247,1,0.625308413427174,0.482996761438946,0.318962025331171,0.270897667103357,0.225163358542354,0.302133696403998,0.323976201454166,0.367559916568855,0.263368224828199,0.194272402617377,0.261443556224302,0.317410269350587,0.309080451927369,0.536428892779793,0.850817841887623,0.607419401453619,0.40100990833339,0.261443556224302,0.348902538791288,0.269044334281202,0.72112715052481,1,0.442507220684033,0.268714075493453
"Cxcl10",4.43826385604973,0.766457580766492,5.79061903414311,3.61733532986774,0.584826680175091,6.18531173848763,0.00271134796160801,0.00338872683578407,0.103734552972619,1,0.735446700372516,0.559608985491786,0.039771918060422,0.00271134796160801,0.0194868162135842,0.135306864294094,0.276446585347829,0.0967603909620836,0.0170028284595285,0.00310015004858982,0.0097871846732938,0.0160457452878443,0.111422581985358,0.584826680175091,0.578922611786686,0.571665230549975,0.0530889838489408,0.0097871846732938,0.0292344358270651,0.206734370157389,1,0.852535522226753,0.381285509738639,0.0329677895520393
"Zc3h12a",2.9215361487641,2.02761310631933,1.44087456312979,3.66143522906935,2.41923861867262,1.51346593130953,0.0564262603090024,0.0826120329001036,0.164473596493331,1,0.967539923231043,0.493608642439917,0.134287271088345,0.0564262603090024,0.1008801469781,0.235249563717407,0.273116943886012,0.180075663517091,0.0987257333968402,0.0477939946096525,0.0452121214146051,0.0695690662860643,0.11705127229979,0.601054347193842,0.812114239949046,0.351662098681981,0.0767160285731285,0.0452121214146051,0.0692479506155884,0.16499482280143,0.335690011593248,0.254883884227106,0.110665038884933,0.041877571257696
"Stx11",1.32395771272449,0.732126655634938,1.80837250294662,0.96252254980335,0.772214644564494,1.24644430998351,0.0694934588903917,0.0813070273262027,0.0954504688185897,0.945365195213905,0.96252254980335,0.393996892473371,0.168741477068389,0.0694934588903917,0.0803389007221795,0.207316910265571,1,0.512179208527876,0.109283390700334,0.0734756284643212,0.076625753184951,0.103249560353062,0.105565699538566,0.4099661234418,0.772214644564494,0.341466108270114,0.0888375875164345,0.076625753184951,0.104550170070884,0.148194704308407,0.92553178259157,1,0.273705997997988,0.0637374137906879
"Bcl3",1.96159746339394,1.34938944848398,1.45369260564307,1.80552274002554,1.51447879453468,1.19217432858166,0.058565389269216,0.055117567987864,0.0583579427977663,0.730415312824269,1,0.528303357362423,0.348948038032556,0.058565389269216,0.0659717624749438,0.145427212816381,0.553856220047305,0.260843340854796,0.197714329395913,0.13468496027462,0.0631211060837245,0.0829112132200664,0.0640003062189494,0.551006813390501,1,0.500045051089837,0.104537343755165,0.0631211060837245,0.0719656380074005,0.12376197921411,0.626375357311964,0.660293167265672,0.167089990498988,0.0404980911551277
"Cgn",1.87624451583796,0.879383323292827,2.13359119526217,3.75900455739106,0.708379411669863,5.30648476715318,0.214449756770586,0.235465048817667,0.152826645361399,0.233620493807833,1,0.523946034504445,0.394641745773518,0.214449756770586,0.135154947972631,0.227778590519373,0.266027876458349,0.225812008687644,0.172433623605059,0.226675122758196,0.229574830513194,0.18609564556798,0.214307706732548,0.475917958672805,0.708379411669863,0.486326558505475,0.256118167454654,0.229574830513194,0.257307348424629,0.146993932355974,0.524454914800742,1,0.581171396666439,0.16789894748897
"Pdgfb",2.51960411930605,0.972969890050561,2.58960132792508,3.93102747758811,0.85531433495801,4.59600326677688,0.052393440913472,0.0545872354339629,0.0632998369293892,0.468430899751424,1,0.555410530785753,0.120556648628776,0.052393440913472,0.0533584107799683,0.0609500291975802,0.254386418233218,0.247649601860875,0.176157188479784,0.0737724800580016,0.0238114671822792,0.0270412368816718,0.0279237870755065,0.301343492899026,0.85531433495801,0.645379429832093,0.0616771887515362,0.0238114671822792,0.0257209490792153,0.0321655535631122,0.583392925067822,1,0.304553627152384,0.0268108230215997
"Gm8773",1.22457469777071,0.707308064105556,1.73131731407484,0.968392875664026,0.599779306094328,1.61458200678855,0.205388713473765,0.19609286471769,0.208615498654705,0.84713119888827,0.968392875664026,0.815274567967024,0.502497368020782,0.205388713473765,0.283705784976563,0.288038414324633,1,0.691926701082672,0.355545723390384,0.232287063191885,0.22231887336928,0.386512130584787,0.289879418618332,0.578150854307149,0.599779306094328,0.575479216026651,0.322651700499758,0.22231887336928,0.284046097489829,0.441433306334956,0.956537357511629,1,0.825414978360363,0.476014385898159
"Csf1",1.66127953159507,1.01207724061074,1.64145528121211,1.26132501040969,1.00161552781483,1.25929059143227,0.0945849790911289,0.0954420817322055,0.099688621949562,1,0.845257719866728,0.751143025365576,0.328227597578067,0.0945849790911289,0.111711409004263,0.208481566468311,0.792817070736744,0.355984794049031,0.230500759891214,0.140779848791562,0.148503902263064,0.14180866461739,0.169463204916464,0.48839095260437,1,0.904248249190339,0.354939145899157,0.148503902263064,0.155609370570115,0.203952994294262,0.834248057925378,0.998387077905676,0.57197078394233,0.25640818640675
"Plekhh1",1.3701542164394,0.895194425208283,1.5305660735327,1.23065682624159,0.865196988689139,1.42240072761482,0.203514746465981,0.171243487262036,0.134823525367257,1,0.912728771340216,0.797754274087144,0.341312492773583,0.203514746465981,0.180973746903648,0.237321844105593,0.812574211329076,0.481163469302558,0.407155975532443,0.276548889405578,0.233467200199413,0.206446102259115,0.223103745758109,0.356834751165588,0.865196988689139,0.825844586880988,0.375598152989394,0.233467200199413,0.177457843232926,0.201402117646435,0.689615541848099,1,0.738005012079139,0.40789717882654
"Rrad",1.44817460504643,0.879877494045302,1.64588208568484,1.31150166750155,0.778485670858766,1.68468311825804,0.29541695748463,0.321946866308991,0.300787019106188,0.819917484380326,0.985277827170973,1,0.592863186196271,0.29541695748463,0.282845397745171,0.477097613994357,0.762484733934827,0.435439392469844,0.413244621840845,0.313919445070084,0.219014815503758,0.233133005138754,0.258789701818973,0.473675353802399,0.778485670858766,0.701557608075156,0.268406582852871,0.219014815503758,0.217787218713198,0.329620931609364,0.750181259960432,1,0.665396105509716,0.151489566900274
"Sik1",1.40314255593972,0.89132465826586,1.5742216294898,1.59886468235632,0.853491288399082,1.87332279085749,0.219177096087295,0.275929723404734,0.291122648789899,1,0.907588645350843,0.682969889663146,0.479587053304652,0.219177096087295,0.339539365193225,0.547491700484268,0.625443798362132,0.371006699115805,0.363816651505233,0.281909049968588,0.179970557920988,0.220125393169067,0.205427111606288,0.487535282737734,0.853491288399082,0.559006555992942,0.202794791751754,0.179970557920988,0.237438830622831,0.257454987418048,0.803293368557428,1,0.395680800139019,0.164729901150373
"Ccl1",3.3299354766337,0.795885325344462,4.18393877936183,3.82919767272995,1.20778739699443,3.17042360456724,0.0345382322041661,0.0403284807873055,0.0345382322041661,0.686028551263673,0.789208439217444,1,0.117554839559395,0.0345382322041661,0.0345382322041661,0.0509661130099079,0.2404558631122,0.261151313007842,0.135747213236464,0.05408925996976,0.0302053789276325,0.0302053789276325,0.0302053789276325,0.225767640432032,0.523337931540687,1,0.225393362119942,0.0302053789276325,0.0302053789276325,0.0302053789276325,0.615210783563545,0.798793313804158,0.82796028712379,0.262158953262055
"Zbtb46",1.13857789672833,0.710274095710496,1.60301199720567,1.30566407202132,0.584181304840707,2.23503227714099,0.322489019052027,0.169643822057045,0.150710924145172,0.618844808711915,1,0.456052917862859,0.354802382629721,0.322489019052027,0.227963498463773,0.196608453870879,0.765893786486661,0.61993489491051,0.256556263548441,0.309134376933188,0.27707889886726,0.171344462949136,0.195595975023938,0.366243864410991,0.584181304840707,0.507274710202221,0.29485480253993,0.27707889886726,0.211822653136051,0.20550607758772,0.680630286775993,1,0.630316357779504,0.368799497344827
"Ccl2",2.77726902671422,1.16352785897976,2.38693814271835,2.30647907351213,1.23708774151508,1.86444259053716,0.00879703076982801,0.0188421853560398,0.0582229683945876,0.806972622762841,0.963379525165928,1,0.461895287442306,0.00879703076982801,0.103484575060764,0.318488799477189,0.433561271586685,0.19761732393388,0.108425187497698,0.0243640916083204,0.0499683595058588,0.0687168214869002,0.0908871000917559,0.502266730051571,0.853483199730815,1,0.180894310002067,0.0499683595058588,0.101502472992757,0.237187686442369,0.729443016277385,0.808350100353664,0.384034740272549,0.0497635310867212
"Wnt11",1.4011835685492,0.805790536284584,1.73889305651306,1.7292589283886,0.852618109889595,2.02817522678766,0.268902151255025,0.2848052754565,0.257370167466455,0.499192763904334,1,0.929160884804237,0.252425766900065,0.268902151255025,0.232264621206984,0.276850636668922,0.436304658486745,0.578282398074328,0.452842642463966,0.246629653350816,0.215955724655036,0.150384872574285,0.139475493002034,0.43437255672015,0.667149222076763,0.852618109889595,0.327282206925128,0.215955724655036,0.117136671182847,0.191980054493529,0.701829842691756,1,0.818734406852012,0.413374122831493
"Tjp2",1.27693301915564,0.876504818253379,1.45684654843108,1.39608009484422,0.799639251604402,1.74588740115385,0.132133080543494,0.173519912861152,0.158104477228213,0.471917388995653,1,0.587096604991812,0.314697134135954,0.132133080543494,0.151353523212745,0.157842818718623,0.569225653721873,0.716291281347711,0.324445818383422,0.170804485518415,0.220410282645314,0.253334356221278,0.264307001764456,0.391593872091859,0.799639251604402,0.688589269151623,0.415291474273335,0.220410282645314,0.269937633596776,0.255113693958377,0.543225847831484,1,0.832087874482092,0.339748151882187
"Ccl7",2.29387384418781,1.2366837389865,1.85485890359302,2.34907798645409,1.35419969444179,1.73466143589878,0.0338643566460094,0.0753776947705145,0.137672767358772,0.832036403226186,0.97937282265731,1,0.480641546863273,0.0338643566460094,0.227746688031462,0.425698936249234,0.320287529365192,0.274485510020921,0.173712722402037,0.0869942413503329,0.132396144506313,0.158945137009695,0.193596411463803,0.648533656816953,1,0.816151285656909,0.219091975524643,0.132396144506313,0.238229432897767,0.404731544258039,0.673132850472968,0.738443528014681,0.309942878609955,0.065391168782529
"Birc3",1.73170522940562,0.899115760568692,1.92600920298662,1.37693493494287,0.966585309592726,1.42453534238281,0.146000360504231,0.141663967177437,0.181049598214605,0.825923560057179,1,0.859783225921798,0.555553150431472,0.146000360504231,0.175279387948483,0.308190589005242,0.726250728790966,0.339133227167208,0.275569825823702,0.171957736117919,0.170274931498838,0.185378623905368,0.196047274400866,0.480473459580504,0.887418467792327,0.966585309592726,0.310848910855485,0.170274931498838,0.205767123122172,0.26794116563038,0.976180502743939,1,0.757067518467536,0.178514434270802
"Bdkrb2",2.19361371488911,1.01811596249311,2.1545813990751,3.19093576063111,1.15730479617702,2.75721294093991,0.0949762933578926,0.0801289889297553,0.115762601466997,0.198291509850025,1,0.770313909275877,0.154502975361923,0.0949762933578926,0.0968505369635091,0.0645691559224365,0.246234655635185,0.313387694085768,0.182530652334305,0.101907423811048,0.178319135495537,0.0622629214049741,0.113188011110988,0.146652535452576,1,0.915645996933149,0.319373116278878,0.178319135495537,0.153019116386017,0.0826727865666042,0.43022819907415,0.788869339207871,0.864076605664598,0.189583140122912
"Icam1",2.54878242856922,1.07256875822576,2.37633476550763,2.58643693538866,1.07924584398076,2.39652248819294,0.0374922874305224,0.0470736892697032,0.0680163721859667,0.534536265226759,1,0.679043056230006,0.310725895207444,0.0374922874305224,0.0569757282912454,0.102173531172491,0.386632276363518,0.293469919644882,0.118579137431163,0.0549384270046357,0.0881704023458387,0.108455173408996,0.100002913674114,0.365055492715299,0.966127125767582,1,0.249208214348887,0.0881704023458387,0.101353849639328,0.143638074914547,0.624838886021108,0.9265729449664,0.596017041436069,0.201772332334923
"Nfkb2",1.6824096521643,0.985954670328418,1.70637626941196,1.65185629424758,1.04659143665484,1.5783200935862,0.110583748546129,0.121420508104627,0.118867700960937,0.58502238818845,1,0.777366939114709,0.418375021095264,0.110583748546129,0.118320181260381,0.168052901313196,0.605379537846239,0.466970422822348,0.243038640080216,0.14905396154408,0.193965696718109,0.219797225046481,0.243454536207768,0.459504657929419,0.785878422247876,1,0.406063035241548,0.193965696718109,0.215489770142508,0.293958069379781,0.641404646643632,0.955482688828644,0.807918798633526,0.247577176063682
"Nfkbie",2.02671531010251,0.892321115371206,2.27128471487465,1.63354066278871,0.866650737159272,1.88488925555313,0.0385311502283666,0.0460648330719937,0.0595731975891685,0.733891748468207,1,0.579183669685745,0.300866734932074,0.0385311502283666,0.0508296238196515,0.12888390396946,0.61216719165891,0.341195038612775,0.131693222727124,0.0575774033010733,0.0847048799566043,0.0825918790087007,0.0802472515704728,0.466898947203849,0.866650737159272,0.614029077674518,0.158977560463326,0.0847048799566043,0.0753753706580705,0.132618570224825,0.788761659158158,1,0.473570217045465,0.0831455071111821
"Rab11fip1",2.51061159172908,1.22330324475799,2.05232153391842,3.44149542131521,1.49183794043878,2.30688289124957,0.107157773137599,0.134506394889093,0.125886416543756,0.777785723341422,1,0.463108187359394,0.186357695426883,0.107157773137599,0.099346289678276,0.125199744187014,0.290571358545593,0.19797761193017,0.164177868645866,0.12876511856696,0.186290811941353,0.200054355927413,0.212830365331721,0.441883707190658,1,0.897119050091214,0.401299040820011,0.186290811941353,0.241584343183469,0.182209350416211,0.483762453028743,0.660104350872593,0.670314095715972,0.305619719901588
"Relb",1.51993225289032,0.976915759645197,1.55584781787361,1.03992524975594,0.866512846360291,1.20012675417803,0.119701934748202,0.128354096462688,0.142566588101225,0.834366466805471,1,0.75708852146788,0.390790545334839,0.119701934748202,0.121639870945448,0.227659925938076,0.961607577308743,0.489249344181277,0.192139614370698,0.107092844303116,0.19737990556598,0.241968828836149,0.232735873008028,0.643452325361498,0.866512846360291,0.841817072231781,0.236724653060324,0.19737990556598,0.209605637637564,0.29161164168799,0.880004168407493,1,0.648388484827169,0.110648512194058
"Rhof",1.576377764937,1.011868042941,1.55788867524194,2.22716953595543,1.10078420932194,2.02325716257078,0.19046258495634,0.250818905186818,0.350183572224899,0.848036948810966,1,0.538116542105686,0.237849821892308,0.19046258495634,0.28830187934626,0.3335217234771,0.449000394382196,0.405105711381064,0.152472923767872,0.347790803312188,0.2948108294814,0.397618781331106,0.284794176501344,0.523206711760115,1,0.62420305767652,0.235685335332264,0.2948108294814,0.312100467144713,0.410111119614478,0.585243674290472,0.908443263930882,0.582629618877859,0.227567260951358
"Ripk2",2.27087146538308,1.18675675872669,1.91351045501488,1.66803430799927,1.31127499449206,1.27207055347334,0.0452186250830087,0.042679136016858,0.0538056944703433,0.688444248020049,1,0.625269420961545,0.226554390090207,0.0452186250830087,0.0483176798730088,0.0643447958151204,0.599508052804654,0.288917233373311,0.0865360596020223,0.0481893976222212,0.103232299125774,0.12044971701747,0.130309588219532,0.316228557433233,1,0.674129778890565,0.14264701151868,0.103232299125774,0.126805811985044,0.126894461905207,0.497750990798632,0.762616540542942,0.35281039935335,0.12551434436124
"Trim47",1.45821282550361,1.00425677181704,1.45203185721637,1.49769992487191,0.957408995444073,1.56432614692244,0.187310356767219,0.151826247066119,0.144245034055546,0.755911429356221,1,0.71195601276601,0.372483406465223,0.187310356767219,0.150434353526033,0.184355350552996,0.667690492196241,0.570790562992483,0.303891730435892,0.214846350525264,0.216502305876077,0.180163106634042,0.160690893768273,0.605243518800483,0.957408995444073,0.740787304405011,0.259092019832098,0.216502305876077,0.148830050463901,0.231093766648102,0.780855144399656,1,0.493596665001858,0.235785853521591
"Vcam1",1.39170924949391,0.889684438191283,1.56427289244627,1.16023314950987,0.866726013888224,1.33863889039737,0.122907220715821,0.133279882962954,0.142772283913616,0.796062866517938,1,0.91845464591885,0.564577659280329,0.122907220715821,0.162474428396221,0.322137755650343,0.861895732269364,0.606917664633626,0.324571934388185,0.241927853186628,0.236157015345959,0.249457467646048,0.261701606369147,0.463858261620767,0.866726013888224,0.802436568050745,0.418891335490588,0.236157015345959,0.264379512435781,0.285390112189974,0.779943464983753,1,0.764798225834581,0.377644557225354
"Slco2a1",1.48719213080349,0.993754014611142,1.49653949462074,1.88204636424029,1.1787176832085,1.5966896832474,0.14182999798994,0.107347020292771,0.107805215641382,0.153861580381485,0.580906187030565,1,0.72233838661354,0.14182999798994,0.113146410311993,0.126038425224882,0.23079325337329,0.473398790803238,0.531336538249238,0.275672343977039,0.0888440554233908,0.107199282172497,0.129089356930587,0.147527646613313,0.386451950385255,1,0.594413693041988,0.0888440554233908,0.124159186456634,0.0942983630592387,0.205529460081667,0.543079818226886,0.848379568954946,0.564656539198426
"Gbp2",2.27685309184972,0.868347549445444,2.62205276367025,2.93185398906186,1.08240444920898,2.70864924031349,0.039089237009344,0.0527137245489609,0.0538708271574681,0.123905151623852,0.663197291553248,1,0.849932105692862,0.039089237009344,0.0503377689358846,0.0585296251392982,0.301448193183763,0.341081105583973,0.277789061457571,0.153897992773676,0.151432119758055,0.185738742051579,0.175786568850908,0.248966245173766,0.57285725556897,1,0.406466354032303,0.151432119758055,0.178451659952626,0.2376460904938,0.414587819333908,0.835429813686444,0.923869077525314,0.415438398786829
"Il34",1.69134015204914,1.11337892229167,1.51910559665335,2.56520102100489,0.969945822148088,2.64468484984437,0.223120011278394,0.188820505571452,0.170488207732335,0.178216983587361,0.676503623077872,1,0.815842290758274,0.223120011278394,0.18344164429368,0.147468580063856,0.389832996249261,0.385801773523767,0.379518277260935,0.21413865707388,0.240315778620577,0.316572634610998,0.23928143554356,0.362300114875386,0.758966683565699,0.969945822148088,0.626013816491698,0.240315778620577,0.216721520196894,0.228768500269512,0.440144879179636,0.795599881644908,1,0.234065390338715
"Slc7a2",1.74997822877471,1.14034131013304,1.5346091676452,2.2706584214188,1.3727969738225,1.65403804402062,0.275049117465096,0.207135872063224,0.224586718840609,0.38086897885472,0.737206991985631,1,0.747548941977301,0.275049117465096,0.214608796850259,0.213627897766768,0.440400894545451,0.390438493423387,0.317399910907293,0.189869783244452,0.13854337814885,0.124524878637823,0.108031967132525,0.207035209858336,0.527665395062346,1,0.340813801050632,0.13854337814885,0.148800601231898,0.0892203895941384,0.241942418765993,0.595058682349469,0.728439834198889,0.203505524924749
"Sod2",2.35130475104133,1.23820332400463,1.89896498051442,3.39231093369013,1.71644789020008,1.97635532838384,0.153203024076508,0.146423016390468,0.162694522085276,0.397188256270506,0.77288557640325,1,0.882976897593887,0.153203024076508,0.149484719027108,0.189615809202238,0.293628257314638,0.29478429882965,0.229894936189929,0.184461549103052,0.403719777102128,0.374888915632554,0.374165448884091,0.456160049281143,0.682253964124389,1,0.710666699076669,0.403719777102128,0.371517974620118,0.387893039896847,0.475300721682546,0.569240400062925,0.582598519715873,0.441714796258214
"Tnip1",1.87447722949172,1.09923189482776,1.70526095386401,2.34731027368184,1.49959186973868,1.56529941316025,0.195184441863671,0.239963840893398,0.226682690101875,0.474768231667662,0.778173191182255,1,0.568692156585493,0.195184441863671,0.235585364843178,0.230593475456902,0.426019521667863,0.296589506157928,0.263648110695592,0.210745473276098,0.203283320460975,0.238643478748118,0.252828436392485,0.349259733667662,0.587976308564234,1,0.399420067780769,0.203283320460975,0.258138185813236,0.284824866817829,0.489347642896587,0.666848107261517,0.622417152751239,0.232894897506518
"Ch25h",2.35533353650295,1.47730019190881,1.59434998343813,2.56575435693664,1.96324124121216,1.30689713677392,0.0540017153149926,0.206560673042863,0.361775696414902,0.384541057277498,0.908103147948527,1,0.405936101315889,0.0540017153149926,0.281479453962742,0.389748924052862,0.241778973533271,0.233103293329688,0.139939242827489,0.0699051355245105,0.068560344926186,0.121866857643226,0.288323149777415,0.388720801260349,0.707257241462842,1,0.101080467443611,0.068560344926186,0.166242189138749,0.306342238521766,0.355953354330149,0.509361752905401,0.318662044362615,0.0861611699141337
"Ifi203,Gm16340,LOC102641031",2.03829354421373,1.13254101260568,1.79975252244876,1.79563794166897,1.52467245329924,1.17772045909493,0.112504407357709,0.123529427916419,0.13173882913332,0.929123856501208,1,0.974337764355028,0.522633800003882,0.112504407357709,0.287574218011369,0.119496966194141,0.410539334796227,0.556905140392913,0.255358095091716,0.118918066090083,0.0446339753226157,0.0446339753226157,0.132563519070814,0.222467225586977,0.363437423497159,1,0.291856232730552,0.0446339753226157,0.0446339753226157,0.0901317840798787,0.305980094653744,0.560874582075125,0.655878577615869,0.151744555461745
"Cx3cl1",2.09518164918637,1.32483966304515,1.5814605401914,2.54320550192458,1.61849143099575,1.57134319849931,0.0973998417014105,0.0851897791329797,0.0769851243669274,0.345042248245178,0.912589258427418,1,0.45007998090541,0.0973998417014105,0.0911886284557911,0.0945271131617662,0.295727638266508,0.393204559853007,0.295054377919127,0.149140787372869,0.0546267286477721,0.0621317679079504,0.0557858035770322,0.18077541683376,0.754797005037876,1,0.307992424695255,0.0546267286477721,0.052261246173665,0.0540057369482368,0.304484099078879,0.617859310743937,0.523367986805553,0.217094176952619
"Gch1",2.67077146627209,1.35450997719785,1.9717621215292,2.88200995953585,1.8636578262252,1.54642655909282,0.0463267939222603,0.0509048420138477,0.0461072327762837,0.418111934321633,0.95063726473486,1,0.474994092667277,0.0463267939222603,0.0490210922988559,0.055991122647997,0.346980063927694,0.3383245793829,0.185524226316966,0.0962663260613006,0.0484293226749614,0.036659769885781,0.0550820578787301,0.180867986674325,0.505853349099478,1,0.356449540991451,0.0484293226749614,0.0310336879492243,0.053321710251378,0.277141006858812,0.536579186333511,0.531192654201445,0.134207891239746
"Serpina3g",1.78825243390512,1.19631198821182,1.4948044084872,1.85634052556939,1.49137739756959,1.2447154748319,0.06753064502012,0.0676806201557598,0.0732601517001192,0.217975844557042,0.991050904975147,1,0.738881208283856,0.06753064502012,0.0726581452666162,0.0905862433769833,0.335606641393145,0.538694267687376,0.430529588377192,0.22945812255931,0.240446918329292,0.255110579411939,0.266376081073941,0.371335004794153,0.735003691227126,1,0.478147818059821,0.240446918329292,0.231721547004855,0.305584320724247,0.471567744669434,0.63016814927879,0.670521091193714,0.247270642162664
"B4galt5",1.50026235000078,1.02826775942918,1.45901914773019,1.86690682937885,1.02817922585919,1.81574066313077,0.222414688686156,0.179966426258684,0.16984465561859,0.310068248517425,1,0.613763733232805,0.353856829834822,0.222414688686156,0.196899353367372,0.169196238919443,0.284643282171751,0.535645370333086,0.305487152180157,0.185324727175533,0.401745546217005,0.3289811256493,0.326973239420366,0.468949747489149,0.858224260423167,0.977756830547863,0.535688865352314,0.401745546217005,0.338623340715254,0.308186343905142,0.447364170023219,0.856351048263554,0.95095952724663,0.487922259369082
"Rab20",1.82370538847262,0.938374601204711,1.94347266659956,2.30458525143213,0.97939772010503,2.35306372898743,0.11033352888911,0.150961231831103,0.272216100286952,0.634785478972277,1,0.568606902606712,0.24832547687551,0.11033352888911,0.196386700628589,0.325533316522581,0.433917556045529,0.315623564173988,0.166149253995085,0.0889590237901752,0.260108545459671,0.354925756382057,0.401961386075595,0.400782465310947,0.83791484519541,0.97939772010503,0.41352791633788,0.260108545459671,0.305013015356881,0.529506926628949,0.902121937538232,1,0.596028115789465,0.295453973387344
"Ifnb1",9.1423014734621,3.21921229945655,2.83991878230754,29.7475440656733,7.90030624982595,3.76536593962148,0.0236964085824848,0.0276690524459329,0.137847363109039,1,0.252479948306692,0.132285867707178,0.0331892484562443,0.0236964085824848,0.0236964085824848,0.0236964085824848,0.0236964085824848,0.0236964085824848,0.0336162204783128,0.0236964085824848,0.0872701181961187,0.0872701181961187,0.345155113439235,1,0.354414607526988,0.131745583190109,0.0872701181961187,0.0872701181961187,0.0872701181961187,0.0872701181961187,0.126577371607845,0.0872701181961187,0.0872701181961187,0.0872701181961187
"Cxcl3",6.23472391580029,3.4960298991043,1.78337259569709,7.58710403690759,6.33512482557947,1.19762502646719,0.0525010072474334,0.0395486960874555,0.0571361252008933,0.352083191582479,0.713760679104277,1,0.270894070527917,0.0525010072474334,0.0420234230888684,0.131802594920998,0.0492650164818226,0.0192855168269681,0.046113798818739,0.0577309923651774,0.0106086974848964,0.0154074119054702,0.0315079770777887,0.153262462950846,0.476076796676562,1,0.17709623701836,0.0106086974848964,0.0217659689093625,0.0268297203439192,0.139621545911339,0.157850086230705,0.145513325894967,0.030975312538376
"Slfn2",2.54306499650917,1.15992515140063,2.19243887714512,2.89183686787402,1.07940771258607,2.67909598398707,0.0628398218290995,0.133216377972191,0.286941377257435,1,0.763057882943606,0.366974872536292,0.179314917241338,0.0628398218290995,0.131141889004648,0.236400200673238,0.345800972077366,0.164339217528039,0.0756150244419027,0.0818864222563129,0.124998579636892,0.109338927662359,0.248725995627646,0.695099754656179,1,0.565206774833125,0.200549782687164,0.124998579636892,0.126648424767829,0.238504484176835,0.699176632073776,0.926433995551295,0.292808264058537,0.129455294536819
"Nos2",14.6112251296185,8.56480682174418,1.70596085045652,31.9914167421641,12.8921808200501,2.48145889269646,0.0161348775798279,0.0161348775798279,0.0195142406711758,0.120254669604635,1,0.711157064565496,0.100162611710644,0.0161348775798279,0.0161348775798279,0.0238093249612047,0.0161348775798279,0.0312583843366342,0.0161348775798279,0.0161348775798279,0.0125011500258618,0.0125011500258618,0.0186580092914584,0.0498570004470821,0.592892277777869,1,0.0875137247036571,0.0125011500258618,0.0125011500258618,0.0125011500258618,0.0181317814740775,0.0775663957834648,0.0614149486066512,0.0125011500258618
"Irg1",154.524019806677,15.3091270111503,10.0935879422864,142.255756253172,10.597930902479,13.4229744996636,0.000674666663489983,0.00127719877361612,0.00386441520929941,0.405501113937346,0.911997236409445,1,0.230951795914172,0.000674666663489983,0.000363386401112201,0.000881913387259914,0.00702959251940781,0.00496160135393009,0.00112399211315233,0.0014947464738231,0.0060026837856726,0.00283426143208336,0.0149212392411109,0.497427705901025,0.90895876856013,1,0.259919236115493,0.0060026837856726,0.00100886696091817,0.00203725924992224,0.0373610939189815,0.094358041131037,0.0271606440635352,0.00778775925363983
"Ifih1",4.21983102645872,1.49195773596837,2.82838509746377,8.51108541960326,1.89711754841732,4.48632475446959,0.0805171650861346,0.111402176742779,0.108205683287522,0.691168218130631,1,0.556745676395279,0.177642198834829,0.0805171650861346,0.0970766551590905,0.0869316296328144,0.102147991874555,0.117493827249899,0.088545690017244,0.0732089040565111,0.336666018064145,0.436238437863086,0.47853958644179,0.949998238286164,1,0.715392808741039,0.294152241713859,0.336666018064145,0.482485421525301,0.364394691692985,0.44237092154458,0.402057480142277,0.527115465688595,0.26736752114371
"Oasl1",5.66803456676515,1.49886278008665,3.78155668555429,10.9010052312866,3.00395381474979,3.6288857630771,0.0551486876571719,0.0645036336536258,0.0466982145374143,0.36443859634586,1,0.640198161622276,0.0540790660308681,0.0551486876571719,0.0386112884151653,0.0569764913615958,0.091734659215641,0.0567068109360736,0.0547747807351411,0.0386112884151653,0.15436019605235,0.363829030415924,0.15436019605235,1,0.626875606822721,0.15436019605235,0.225608753244792,0.15436019605235,0.235531263798499,0.311707836027517,0.293410663000918,0.332894598808369,0.305353175157791,0.15436019605235
"Rsad2",9.29181136554467,2.67527418964076,3.47321833460083,20.5645093633555,4.48536523346018,4.58480152517954,0.024920718463508,0.0290986148283583,0.035359738625736,0.532108380901637,1,0.755800037538403,0.0448873213425604,0.024920718463508,0.0468532347600711,0.0486274669787128,0.0363497816717969,0.0366000340394291,0.0353530520640356,0.0319741434294769,0.10337862707766,0.196902739579305,0.205207283908591,0.669723346571806,1,0.73559674774802,0.151095449238995,0.10337862707766,0.157740786213418,0.156068321087332,0.196503971144827,0.22294728476962,0.204502150353003,0.10337862707766
"Tnfaip2",3.72452612246592,1.34418833550862,2.7708365145548,4.2533620148343,1.48823103779032,2.85799846047396,0.0408024504125111,0.0373745510767139,0.0513648337077969,0.651350969852655,1,0.498636014598179,0.137382728979573,0.0408024504125111,0.0379977910548689,0.0742996120652251,0.235108132463763,0.155056159648325,0.0632014298320972,0.042452291966504,0.102660336642595,0.0844415837659436,0.0857852602830132,0.428174838348077,1,0.736065912622684,0.196212214343348,0.102660336642595,0.0859486266871721,0.0889917115415971,0.502811554569108,0.671938680626342,0.369188259935431,0.137516772117091
"Tnfsf11",1.99649950309785,1.19696619291645,1.66796649304966,2.59027213120837,1.2629577357382,2.05095709690898,0.104836315529005,0.120214337122891,0.166110082517466,0.540418045852606,1,0.718335612666366,0.265934176479616,0.104836315529005,0.13577242140146,0.28855163171578,0.386059822808462,0.308386394864021,0.134731253933787,0.102142648544802,0.0958732662724265,0.114977610974433,0.145159010823506,0.188597224706972,1,0.7116283682274,0.183173879421439,0.0958732662724265,0.1190239107743,0.184233583453374,0.319162999446991,0.79179213342044,0.345852063380351,0.182055576287897
"Slco3a1",1.59837754263541,1.11296898345004,1.43613844267311,2.37088004057015,1.15463328332869,2.05336194166786,0.17113628474967,0.185431994204948,0.161051551509865,0.161947050475959,0.521189540584599,1,0.699326167805497,0.17113628474967,0.192478424998853,0.181222984550436,0.181748871510078,0.421784309154469,0.417565063557456,0.248455537818768,0.240890104071996,0.266517174003425,0.289521837806053,0.256518765171126,0.383987554115798,0.991405451257451,0.730089020060178,0.240890104071996,0.27078575077285,0.278715844539915,0.281261048852655,0.423925836152855,0.858632316919989,0.484080150335959
"Adtrp",1.4756525423356,0.679802730383107,2.17070699540143,1.65142303361809,0.641131718731565,2.57579368695924,0.0936342517305113,0.0842527432073502,0.103247447315657,0.350846584566939,0.486096980983411,0.90554104118213,1,0.0936342517305113,0.0948185227505928,0.0984090982754119,0.605538362759241,0.475878003267291,0.430453908018364,0.250272589910075,0.191793475200026,0.180022240386825,0.191106551277612,0.247608028547989,0.393097701970033,0.617752594271945,0.641131718731565,0.191793475200026,0.113239927147405,0.139584669526188,0.825834592563193,0.502049656248871,1,0.849890176911719
"Gsap",1.66717200705223,1.13275602005208,1.47178384183346,2.09426343949129,1.4674939938237,1.4271018813743,0.177687525371151,0.219769645146994,0.231590854645393,0.405607692281356,0.576826284048372,0.923366987439537,1,0.177687525371151,0.230505796473302,0.237471172646921,0.477494846705106,0.414379935476744,0.350758872054316,0.231968370851842,0.200719594878143,0.189647368572071,0.184863084819424,0.264216640687222,0.433388446300119,1,0.609492224914447,0.200719594878143,0.165338171218308,0.197753370600456,0.336492527088192,0.587949073845256,0.681433794079391,0.374839658527511
"Il1rl1",1.42549290969083,0.935978459205795,1.52299756011522,1.63537777596606,0.923623537365905,1.77061076272484,0.087014414584192,0.0722897781025676,0.0806696216465806,0.316362800302065,0.729844461115285,1,0.867682054266813,0.087014414584192,0.0803986519172124,0.102779234453684,0.374572972615177,0.542526178890257,0.611479509319657,0.413701024980906,0.157037078510761,0.141461347780396,0.156745682097851,0.307200188718945,0.579618187107877,0.923623537365905,0.798413125910271,0.157037078510761,0.163457232751391,0.140218342166141,0.363200612147262,0.711582843016139,1,0.738189431235776
"Exoc3l4",1.96919897307506,1.09467351189131,1.79889158884717,1.92608906360629,1.31462044392586,1.46512940104172,0.182521481413183,0.212339170612624,0.20983846763607,0.64033314883258,0.829229413466901,1,0.578413797692921,0.182521481413183,0.202280396429288,0.282869874466541,0.519186790940841,0.225389837765173,0.250326442545752,0.192329393634871,0.415000894616553,0.357001359463585,0.312279496174552,0.493848630613163,0.766404546301455,1,0.623578999560622,0.415000894616553,0.354235152191508,0.505156486706438,0.760675832039925,0.554065111626389,0.525163461576531,0.510632214661255
"Mmp9",2.22053238629186,1.19858578568322,1.85262699826372,3.56400894148153,1.50080194832324,2.37473635043144,0.120976397948415,0.122903002882752,0.112737266621912,0.230266479128305,0.454916622968809,0.920157265977807,1,0.120976397948415,0.14286680415003,0.13285031079083,0.196039082690904,0.218141413322644,0.280582909981227,0.242438075763727,0.0867235319974837,0.0977148613388632,0.0948697888060823,0.142372813768684,0.311813135439829,1,0.700770549434358,0.0867235319974837,0.0866816235011229,0.095731456006727,0.189059655442086,0.382984069038877,0.666310435642251,0.523456624763042
"Acpp",2.55342659300023,1.26051652554634,2.02569862532625,4.35586037185693,1.48764250120862,2.92802899104997,0.0776017783186315,0.0889223230787112,0.0867627331154041,0.0942028011494104,0.365886751962253,0.719270150193513,1,0.0776017783186315,0.101630297101892,0.0847817717593491,0.0937926322948433,0.166652553502685,0.229575770256771,0.198664030750952,0.0892442745339863,0.100756498522649,0.0983220421812428,0.128241043951763,0.238020592760408,0.926640080614069,1,0.0892442745339863,0.116609089865657,0.0868752902893356,0.145277770664326,0.30101058444818,0.672204510954454,0.636529921015409
"Pilra",3.11531881518664,1.53519307201084,2.02926841710281,7.53383255308644,2.33758473509984,3.2229131376342,0.0494391003029521,0.123516830976148,0.123455296317312,0.0887881211950214,0.153056766564553,0.466693086084224,1,0.0494391003029521,0.0898073343433766,0.0696063659361498,0.118737649579212,0.0582793073910147,0.132734566763144,0.124973209921235,0.198821436344853,0.317365471957449,0.318216695742393,0.373732158800836,0.40023138279319,0.791070674709716,1,0.198821436344853,0.329408899680265,0.390955590556665,0.2217798474432,0.269710117790995,0.375871082548171,0.427791979039121
"Mmp3",4.90099203479152,1.62254183208066,3.02056436258827,10.8271231854342,1.96843097728327,5.50038244184575,0.0283305550667006,0.031229975146277,0.037683763752238,0.0470223262120006,0.192532196135308,0.514682173055171,1,0.0283305550667006,0.0315587607667636,0.033629955688558,0.0538218342567459,0.0661503245200026,0.0719247121036333,0.0923606375279177,0.029647549074667,0.0303229442197141,0.0285096145349049,0.0370946782673431,0.148387231414392,0.797589337649218,1,0.029647549074667,0.0272306266038774,0.0230740296114969,0.0413021783400712,0.173079307714565,0.508018828976238,0.47437965027822
"Rbfox1",1.58941455422486,1.02743854349597,1.5469680053239,1.89121709632095,1.14131310225758,1.65705369769261,0.16399041529041,0.153116758778302,0.106898131042932,0.151427642668585,0.368852752491595,0.839779241047308,1,0.16399041529041,0.167843309433608,0.112631214207306,0.152437834439422,0.528760025459443,0.35705958379658,0.268906815632893,0.162105867509088,0.118466980720463,0.110497548262792,0.111544687172689,0.280750978173853,1,0.637115105616418,0.162105867509088,0.261681496479445,0.148852759368506,0.172321468150518,0.296021957250338,0.876183755379607,0.438673035684039
"U90926",2.1697535863827,1.40055733052852,1.54920726134354,4.14229833564203,1.39575876994483,2.96777525231368,0.108963323064967,0.068528545786401,0.107858135415527,0.204354014638996,0.297271805200803,1,0.717000872848009,0.108963323064967,0.0845154428959212,0.170350328620024,0.220185157343017,0.196215977665159,0.132395255629498,0.241411873064668,0.153065095861435,0.111710487793987,0.152682172986748,0.153532691393552,0.233887365267637,0.860909015997109,1,0.153065095861435,0.117365258917568,0.0769177054632949,0.14620657095331,0.210363279103234,0.716456182496012,0.483001635704961
"Gm16685",2.8775599675875,1.39715438337901,2.05958625748154,2.90344963587307,1.9542199044931,1.48573332468752,0.00998406981066842,0.0140214446707759,0.0143104035170181,0.111085721875857,0.596625423044254,1,0.424230804957405,0.00998406981066842,0.0100661415548689,0.0169646140946377,0.247425359422704,0.344417890926942,0.106481783384483,0.0188608846030478,0.0302748078830372,0.0383565641742032,0.0188600674561448,0.089380373006161,0.445967311197,1,0.239952299705044,0.0302748078830372,0.0299167643144689,0.0193845860720064,0.222203777139515,0.407855206591515,0.51171313816875,0.111927015375668
"Tmem132e",2.62661345530892,1.17229500839788,2.24057377749871,3.36619732735524,1.62620270737898,2.06997400267565,0.107561468586518,0.0749718878701724,0.0587378740634183,0.161849327679213,0.599720205511087,1,0.460792454295117,0.107561468586518,0.10099269788217,0.0687796091342646,0.123070262593949,0.297071116976283,0.156727928102581,0.0837473460217107,0.0787313613690587,0.0626611812116949,0.078392493738129,0.124345452339853,0.607501485761828,1,0.236510846741255,0.0787313613690587,0.0710014981996377,0.0865125692329447,0.241284174736777,0.614929489086722,0.593950223482037,0.180136907741593
"Fpr2",8.08043540026738,4.4396325487398,1.82006851052595,11.9145560609529,7.8884209758558,1.5103854240817,0.0291970758255626,0.038986709871186,0.0414274159607179,0.116156143157509,0.385270240177821,0.952392384519785,1,0.0291970758255626,0.0420451271827865,0.0291970758255626,0.0291970758255626,0.0839309492426042,0.0414195819952058,0.0622522036482812,0.0768122891931803,0.0746206955034621,0.0513797118922835,0.230500963365685,0.418365381420467,0.889288173537768,1,0.0768122891931803,0.0783979859126911,0.103753812312013,0.0745216005171269,0.0810928322790777,0.12676808236537,0.0760394501673789
"Itgal",3.59942461404504,1.68414414080343,2.13724260699439,8.186014766742,2.61675867310641,3.12830329020146,0.0791992517189371,0.0968236471704583,0.0863562328548474,0.100676385986166,0.421786394315957,0.703323548339557,1,0.0791992517189371,0.0896828225810657,0.0620547372583169,0.109096905004416,0.122159564634892,0.119134294888805,0.109939981143976,0.191620047394478,0.196737618686456,0.199777281087073,0.23403384127211,0.563832215587354,0.80736837329013,1,0.191620047394478,0.193303957080877,0.154772080258386,0.30382384472348,0.382152167976911,0.35616187976484,0.314303829505739
"Kcnn3",2.02291941873306,1.38303015552218,1.46267195307053,3.1722435940772,1.44638363655293,2.19322419993453,0.152321975575997,0.224756532207229,0.168461008869507,0.151417365526826,0.588335162752623,1,0.662421070286079,0.152321975575997,0.209732725461834,0.1602237905393,0.155033883226643,0.315234303527973,0.276824377410282,0.187786895247629,0.15428133708798,0.179073750465973,0.135502842573466,0.0912927693206217,0.406468294947187,0.816914483866022,0.778805133778782,0.15428133708798,0.18741810451194,0.125899752100722,0.141210548374221,0.300566527107182,0.564797929968924,0.378524819600792
"Ptges",2.82454305291814,1.65951380465197,1.70203046518827,6.49877026998586,3.03978351808516,2.13790562101593,0.10863041165986,0.139806558172587,0.114978257800556,0.150110503298979,0.518161900773966,1,0.369331109501013,0.10863041165986,0.104596783061334,0.113838289392261,0.129774084451552,0.153875265389582,0.12772938038161,0.111611421645835,0.0954874249946815,0.0995417907363641,0.08014759696622,0.130309848842988,0.401271671064111,1,0.240109243389603,0.0954874249946815,0.114565509013701,0.0880126779548851,0.173909698451413,0.29555879849083,0.328970794811706,0.136909106010311
"Fpr1",14.1761562163359,3.5856012490048,3.9536343368551,26.8103446209024,4.70984307108568,5.69240720258697,0.0185325728002897,0.0151504866613789,0.021127994232315,0.0451791693148949,0.461320277451606,1,0.6887030506219,0.0185325728002897,0.0243946082128666,0.0129752228723067,0.0248765364372732,0.0372990356573171,0.0129752228723067,0.0276649696515664,0.0332790812086181,0.0784392360136549,0.115229389406641,0.182445563157835,0.525657184238188,1,0.893480406166784,0.0332790812086181,0.085778986450995,0.0672022364172453,0.13820348303031,0.0910154119447626,0.21232129922526,0.161057677454646
"Ccl5",15.9994830473842,1.17493227850837,13.6173661580702,22.3999555956101,1.35247069133725,16.5622484384207,0.00288347914719868,0.00438887176457616,0.00488975081323662,0.137636203571283,0.481740018153091,1,0.963035168939386,0.00288347914719868,0.00558950112180291,0.00703593333973694,0.0380926575181266,0.0386589955307617,0.044642945640302,0.0252625704876621,0.0296353586465368,0.0293465048505459,0.0358640788603384,0.121254075077728,0.359408781186045,1,0.583215569596306,0.0296353586465368,0.0297313407779971,0.0354374613042412,0.111194024292118,0.364721552570439,0.73938755671759,0.527210828364578
"Lcn2",12.2109192084406,3.26003778099712,3.74563732960966,24.0824890915361,4.23576712351783,5.68550828911845,0.028273377857454,0.0330133392171422,0.0341950843672491,0.0844120264330151,0.588586700628698,1,0.968363339752679,0.028273377857454,0.028273377857454,0.028273377857454,0.041240027399194,0.0415239469723857,0.028273377857454,0.028273377857454,0.0584757532526495,0.0559689263336189,0.043857241794815,0.0586543896739983,0.254262849098071,0.73323283690015,0.626172090959137,0.0584757532526495,0.0448372758157084,0.059338747614585,0.0426202984389879,0.0973589783091929,0.173105087111398,0.0857984829772471
