"","I_L_0","I_L_0.5","I_L_1","I_L_2","I_L_4","I_L_8","I_T_0","I_T_0.5","I_T_1","I_T_2","I_T_4","I_T_8","D_L_0","D_L_0.5","D_L_1","D_L_2","D_L_4","D_L_8","D_T_0","D_T_0.5","D_T_1","D_T_2","D_T_4","D_T_8"
"Egr4",0.0264711517246351,0.0804170437851229,1,0.0321180055951716,0,0,0.0264711517246351,0.577543222675437,0.466643225771627,0.356143141925688,0,0,0,0.174809741394082,0.538059193870052,0.119859317755343,0.062890803955243,0,0,1,0.374894706801745,0.144943256321662,0.209738810666184,0
"Fosb",0.0142168753385472,0.0325255192162854,1,0.0721929131189842,0.0196326434598297,0.00934609609621516,0.0142168753385472,0.0973999695446822,0.481129136637956,0.0721705078518036,0.0189632549521087,0.0131084558144996,0.0318049406569928,0.036150321035475,1,0.0974518974167296,0.0253444376759074,0.0108392064422894,0.0318049406569928,0.252592541641884,0.373722356762109,0.0625098571907426,0.042261442697815,0
"Serpina3g",0.101719452805145,0.434349475935085,0.488576361570546,0.140679661390312,0.103562118018814,0.0773328332551707,0.101719452805145,1,0.525613904052047,0.0765613730113562,0.0452077407683282,0.0871797747976377,0.0746803079816671,0.376513289156483,0.550131034758162,0.105517177169234,0.0830481129152568,0.0864838279260794,0.0746803079816671,1,0.258340903725561,0.105920071927369,0.0484012639998886,0.0349170161905446
"Fos",0.130102894646611,0.395241215199221,1,0.0910389803986069,0.0403327828997447,0.0351279539739245,0.130102894646611,0.513906021040319,0.435846243771333,0.0833526502379269,0.0889566790848955,0.0421835304770658,0.26733595231763,0.432484950164593,1,0.167251973202591,0.0917928248330102,0.14098217898163,0.26733595231763,0.530748645762904,0.305158556165613,0.20380400023444,0.227071573820912,0.152890312222007
"Rgs1",0.16362794254861,1,0.546576970246827,0.258248299183802,0.0192923671992261,0.00425440296839074,0.16362794254861,0.234645531400228,0.0384974747919466,0.0628832720936153,0.0203110481079772,0.0110160983555924,0.109460713391399,1,0.735332860220264,0.297971924698746,0.0353042538803504,0.00819648073009923,0.109460713391399,0.218710896413668,0.0375803804682848,0.0929886305897319,0.0392461841511377,0.0546026331645405
"Atf3",0.194121779313991,0.984352987084061,1,0.13104790252867,0.062194639932894,0.0615284659667498,0.194121779313991,0.859801188644636,0.482431906342848,0.170596135339717,0.0803932418403123,0.0307456089144403,0.12008812307482,0.705225600555576,0.694686014003457,0.123690437500948,0.124058572185685,0.0700055892303258,0.12008812307482,1,0.328674811442625,0.0728025488373646,0.100559703744061,0.0559628889629276
"Egr1",0.13884236245867,0.694027972675663,0.894271762094958,0.20976241855744,0.0866129272649394,0.159377457001487,0.13884236245867,1,0.551253237315081,0.119679157132562,0.0829026975635622,0.111896504427765,0.285466455457446,0.669418104373599,1,0.213913391132884,0.245073985141404,0.23293529526735,0.285466455457446,0.972599424260657,0.45186700391304,0.206882601412157,0.228228501528635,0.240411811270633
"Nr4a1",0.0393125509398287,0.270859789214925,1,0.15385183619977,0.0314780614749707,0.0367704862792687,0.0393125509398287,0.557185542826866,0.611484835888698,0.119588435893147,0.0359258706345396,0.0361655375661045,0.0593114654516539,0.19274978958789,1,0.121815800493541,0.0555671289491361,0.0303487221001304,0.0593114654516539,0.489507408083607,0.413368701751861,0.0906248924939435,0.0546829937150798,0.0887595765686592
"Zfp36",0.0798188326888308,0.388785003414446,1,0.289996571193157,0.0862974440186796,0.0494677559457023,0.0798188326888308,0.928053008592383,0.458544262179879,0.134610381648597,0.0529010070585445,0.0589208797872377,0.0965277402431821,0.464414025809454,1,0.460753328883793,0.270357466787897,0.132398775622678,0.0965277402431821,0.916564670097172,0.506046212431726,0.38880677658757,0.109398193853683,0.0624427004867497
"Egr2",0.0831950482774246,0.567820916783715,1,0.272544218907599,0.0502221717458119,0.180893689942244,0.0831950482774246,0.88862737342335,0.491308653419556,0.186084791656172,0.0493490822988994,0.105149982487386,0.172152247843505,0.65707380182298,0.879866479088171,0.24293094553428,0.199312229620301,0.233520821803752,0.172152247843505,1,0.480078732579453,0.194066961842181,0.228007517792887,0.150546733123051
"Ppp1r15a",0.228064030547335,0.629275406098195,1,0.20393971936,0.141166935727925,0.238303064594573,0.228064030547335,0.744957079516581,0.415973781695826,0.177698367071604,0.220150097680719,0.173628169231575,0.45834609046656,0.74233178153113,1,0.310537007108847,0.41467409729229,0.345883693388238,0.45834609046656,0.914007517724132,0.462456166560392,0.239450327271642,0.30451820751568,0.312179117686784
"Frat2",0.281695658296274,0.28525559097867,0.967419040740857,0.273429817437835,0.300089291029228,1,0.281695658296274,0.106886772437176,0.993166992057255,0.473742028001253,0.358059313942821,0.323667575610479,0.705421724718647,0.374173632587478,0.493583713630333,0.537542408628538,1,0.125012969792743,0.705421724718647,0.333578514816744,0.802447925173669,0.236377563529472,0.641339975480013,0
"Egr3",0.060927267552642,0.176482793403731,0.523101767766206,0.254437250236702,0.0477986840934592,0.0660180062696791,0.060927267552642,1,0.362179092675381,0.156079658929464,0.030016967660691,0.0488408869393016,0.0509276421266569,0.126797203476785,0.604082512383923,0.237885924230023,0.0809214243552553,0.0361010474370331,0.0509276421266569,1,0.371240343260673,0.174308671402121,0.0370410284892114,0.0343564218939074
"Dusp1",0.148668874889252,0.594998951062717,1,0.201638405858467,0.142067979854843,0.176481648724141,0.148668874889252,0.584321036387994,0.35124703511672,0.14332589857985,0.201609055733308,0.174084228212671,0.206378371029794,0.866169750778447,1,0.266539002456767,0.515513178966484,0.326045756472073,0.206378371029794,0.746438732205259,0.480968004095488,0.232525924150914,0.442168228823408,0.245533202636914
"Ier2",0.1622187570869,0.581511547816655,1,0.220442244530648,0.0835253225004082,0.151164643405775,0.1622187570869,0.715546465782938,0.452778245990112,0.107760581592417,0.185574543463828,0.139791696140485,0.470743734229636,0.822078243312708,0.988865545490906,0.395211804490591,0.492927922892445,0.298337332698318,0.470743734229636,1,0.531945192083557,0.349953087335185,0.606541965980586,0.184022112355573
"Tnfsf9",0.0232841101282899,1,0.59267382315921,0.12629903949787,0.029181731897989,0.0364663111576349,0.0232841101282899,0.518402918209805,0.0543257048457783,0.0184273324816455,0.0261142047102564,0.0288516861694088,0.0449896145949283,1,0.360262433984776,0.149597634922069,0.0556003790548549,0.0265764678218369,0.0449896145949283,0.236384504204671,0.0487406146679573,0.0615580038108541,0.0518100599865344,0.0354089802945808
"Btg2",0.229799962727756,0.494461546166294,0.968898973953595,0.329546022815087,0.181930000028309,0.150350716789245,0.229799962727756,1,0.470047487288716,0.185191379056265,0.215337898017474,0.148607281359465,0.344442388719617,0.452795600328214,0.780906601174377,0.414800419225614,0.310393929139982,0.162582896656387,0.344442388719617,1,0.429955097891091,0.36334064835185,0.273310386913939,0.125714783276092
"Arc",0.598542152884805,0.712584360207061,1,0.86361748378128,0.114887320987151,0.26918703860453,0.598542152884805,0.951411782281759,0.641634435435988,0.965790950847091,0.205621176245414,0.077446325485238,0.656831729674756,0.575617825529177,0.27974756475076,0.644933751526487,0.19307488948151,0.0910972013935241,0.656831729674756,0.981320264809646,0.371266926834738,1,0.290792895086836,0.337146530308411
"Gdf15",0.70805613091001,0.525803079866222,0.729496848228177,0.171819881589052,0.838099385615058,0.418925005324547,0.70805613091001,0.895550834247348,0.346718739529791,0.119077428961732,1,0.451974802786677,0.353545242616893,0.714397686908812,0.503913407634019,0.190489808688942,0.942395028382946,0.208847838519394,0.353545242616893,0.278639695991091,0.383022006150327,0.131631524044946,1,0
"Jun",0.336414928228615,0.520064916388146,1,0.405892594981052,0.22838037837009,0.270755118441062,0.336414928228615,0.739258575584417,0.49697251849303,0.356971549314876,0.328394985362822,0.175043733718091,0.676957369076773,0.646184036667028,0.802578432671058,0.501462701207183,0.616751631687314,0.381415856494504,0.676957369076773,1,0.480911528473737,0.500011351689522,0.779281034699061,0.38408717809599
"Ier3",0.0945809423533993,0.284335624293953,0.918621731638362,0.637140694972624,0.178423341784773,0.203289625714804,0.0945809423533993,1,0.523928298808009,0.251019117298901,0.14192695587754,0.130181504253166,0.186607185054831,0.345424185183441,0.868906156324718,1,0.595925541764161,0.436996839784989,0.186607185054831,0.788929603976781,0.558843263271585,0.520335758807544,0.300532529861863,0.157359415006729
"Junb",0.140903481029199,0.37705507496919,1,0.332821724953093,0.162660153633143,0.124811653594005,0.140903481029199,0.483823257298282,0.450186932927795,0.15812657209925,0.10782343188582,0.0595061371161644,0.496584241197959,0.75634635059306,1,0.864753220538838,0.83193295753015,0.390390774380243,0.496584241197959,0.912222912244727,0.8797905294387,0.712095385456596,0.538600151005886,0.293861329939457
"Dusp8",0.188643348838633,0.383927480387065,0.759003377699843,0.309667868140146,0.174034876377958,0.254409239198643,0.188643348838633,1,0.641186265459913,0.125967384032747,0.203736218395932,0.159375525801931,0.20419892946866,0.338558618821,0.521036688424369,0.164428738525441,0.340665730365539,0.197949229255841,0.20419892946866,1,0.439611743532995,0.0804132692110094,0.225317759463947,0.247252818911862
"Cxcl1",0.0458006874214871,0.140174895958985,0.720115901154207,0.670887135815019,0.18489810849479,0.105592184230505,0.0458006874214871,1,0.554799684112981,0.0828345392124726,0.0341494006842696,0.0367492110465618,0.0374844700484616,0.147896070214197,0.816380783406047,1,0.616227886619899,0.227691072960495,0.0374844700484616,0.845327111089783,0.775505813336617,0.390893104437483,0.100592736427011,0.0335713236206153
"Nfkbiz",0.177365835112224,0.743211245287603,0.692956119715748,0.585468600405865,0.286383288964717,0.250099468804766,0.177365835112224,1,0.478442299257924,0.335700783735217,0.173078490140055,0.219888021724305,0.146352211740117,0.704774228519039,0.770810027213189,0.625107646020259,0.393128861655205,0.373983512854856,0.146352211740117,1,0.506497861679678,0.473267690168972,0.211511635463752,0.305821299282412
"Cxcl2",0.0127202305533384,0.738136309462939,1,0.558298171333353,0.282799559352988,0.0319036490197962,0.0127202305533384,0.860913556506405,0.466347788465029,0.0544107577942023,0.017574459508155,0.00953185544433698,0.00914338587610553,1,0.619622198618628,0.656976868615713,0.512370472203187,0.201645624982313,0.00914338587610553,0.569688474875399,0.54316330864769,0.348510506563595,0.0314038530610006,0
"Pcdh10",0.12161763899196,0.119733622891558,0.487279157073587,0.170105319940272,0.155950405730958,0.0899446170969262,0.12161763899196,0.612084318513773,1,0.174703235776305,0.236173724530885,0.152030148809314,0.186776257251069,0.127629576852909,0.727337514988092,0.183684278839004,0.118201998576988,0.0561517749346782,0.186776257251069,0.431097475328263,1,0.181611952781626,0.172841480461443,0.0590632454134975
"Ifrd1",0.111214944746253,0.415115579997277,0.580545890105803,0.161134853697884,0.0969590307077988,0.0861422702433872,0.111214944746253,1,0.516653485353519,0.0935942155789306,0.0759090134766705,0.0792146146658597,0.105670325913963,0.42075761374988,0.598300128794274,0.139904458228028,0.14324420106788,0.133422185102264,0.105670325913963,1,0.362138583535711,0.148877655244617,0.100945688697247,0.0698924374614325
"Zbtb10",0.329074526330993,0.434285880307468,0.740500920480533,0.736565084447951,0.419746096402391,0.411186604686559,0.329074526330993,0.809138299842083,1,0.474503992798979,0.274324480339208,0.436800890953527,0.239626581711881,0.313039083820823,0.86180716875988,0.422302173779392,0.281161001216162,0.276878242908353,0.239626581711881,0.636070223527566,1,0.383813556859919,0.242258631861723,0.215001253164087
"Gm8773",0.365688437640423,0.308591525170852,0.373431919019274,1,0.361529491748827,0.34113803607237,0.365688437640423,0.216807881051166,0.339824475712352,0.674400108804255,0.29638228869053,0.275872513939764,0.475224758276392,0.399361088686713,0.51252289350617,1,0.473403552585524,0.569896734999236,0.475224758276392,0.304136933591977,0.780979600118586,0.978796933879353,0.652954554235068,0.210916146599365
"Slc25a25",0.253330899375182,0.346968899502223,0.586352503032691,0.357656025182327,0.283967142989923,0.235705484178788,0.253330899375182,1,0.64997779964762,0.200258225877088,0.204035600776657,0.143079098837319,0.302437288782182,0.396875208571553,0.525439667954059,0.457503321281571,0.496133708478053,0.437527635373077,0.302437288782182,1,0.571720940984314,0.429155594696198,0.296607699586994,0.197782209151584
"Zswim4",0.186365858346969,0.297832738898384,0.668617718253235,0.644138011053294,0.325143882600754,0.314992016866191,0.186365858346969,0.500530758436644,1,0.371749990285136,0.288026342534052,0.170917451206053,0.238183231781739,0.364428318237342,0.646080673334575,0.670394878223732,0.563574478833961,0.474141989723026,0.238183231781739,0.58630170955302,1,0.567431057821389,0.406988291521339,0.292748259875596
"Stk17b",0.357257250314265,0.423469659991679,0.347151209733113,1,0.25273975125618,0.228577850746689,0.357257250314265,0.854855495966915,0.589102390571144,0.550051052584413,0.10795250773794,0.186681720816352,0.193215718455248,0.30357926414895,0.300094501130218,0.948565895072279,0.192861594199273,0.219631608839181,0.193215718455248,0.916727266356202,0.446855347383797,1,0.187791889195021,0.0609634821927538
"Creb5",0.411128495508711,0.60742374147829,0.937426539624771,0.785045284247794,0.478659661154426,0.41870258222843,0.411128495508711,0.466717862380298,1,0.680081178631741,0.342675107060113,0.413014703822395,0.277606494061403,0.434736761593218,0.793152041041757,0.532056405920667,0.459121447104301,0.582160803923084,0.277606494061403,0.397468630918258,1,0.554257831835054,0.513189405580613,0.273111999468428
"Hivep1",0.196989006685664,0.172264840477984,0.323920040330573,0.9959315466039,0.434990452321048,0.288865348542554,0.196989006685664,0.21186178250183,1,0.751866801189053,0.156977334401947,0.155889700877387,0.146667556327219,0.143661221604564,0.287473766886878,0.829198920706051,0.812937272077028,0.325408900071007,0.146667556327219,0.15484776901944,1,0.792187242345999,0.291729165583021,0.135486370493476
"4930523C07Rik",0.176661008590577,0.175976821571205,0.412161453717207,0.778171063082248,0.432987833119028,0.321661952526989,0.176661008590577,0.364306309101456,1,0.48036528478931,0.16678627389938,0.198570362715739,0.171380931240337,0.220507345354992,0.43056825085124,0.938626340966272,0.788923136497988,0.55239757419507,0.171380931240337,0.327251331154563,1,0.964512226987729,0.43083693378574,0.217264424250025
"Itpkc",0.184076048389862,0.177787079030411,0.531232698347431,0.380997469589634,0.212848756599518,0.200773343456766,0.184076048389862,1,0.616951518405616,0.251688316837257,0.222834692280217,0.188101317564226,0.26788813832237,0.219979219625326,0.479713994181404,0.507037384827226,0.375233648333667,0.188705878955315,0.26788813832237,1,0.531873585798235,0.361504529165041,0.25680034592167,0.317584451146508
"Arg2",0.0582365337941972,0.648697486533325,1,0.28263844923751,0.310195766665309,0.258419557060349,0.0582365337941972,0.828648971664758,0.941063838639449,0.195878728059128,0.123372705747248,0.111522708698743,0.0571673420526974,0.736416026973941,1,0.118806574068048,0.498707391180662,0.303931348641793,0.0571673420526974,0.18022124345136,0.650303405897755,0.287340392725971,0.10394832046024,0
"Fgf7",0.390654291800204,0.449126285949754,0.693300322203673,0.680614253129464,0.632965718930703,0.790971726398244,0.390654291800204,0.793519232985297,1,0.618429833297359,0.325089946926902,0.507992118638253,0.380193262247852,0.531208360668094,1,0.727445867357601,0.768066108573557,0.923857148824038,0.380193262247852,0.873410067791258,0.979367181610642,0.641161282897737,0.578105615725147,0.465505647414984
"Nfil3",0.29292627776722,0.377847746647064,1,0.55850711525975,0.359108871588581,0.417804074289187,0.29292627776722,0.535892748142478,0.824775601638276,0.466238289841338,0.332441422672226,0.260442253847363,0.4256949811332,0.479065311190052,0.973202210828145,0.680305989564101,0.758348649458369,0.560202008405631,0.4256949811332,0.843740435445557,1,0.737939694966902,0.536469050747306,0.398070092375901
"Fas",0.126591839088106,0.115513350586058,0.265946335719229,0.742101979182326,0.414123752820645,0.228399895356312,0.126591839088106,0.369492958869999,1,0.278402441620398,0.186646665090928,0.135863339112897,0.0971622729214911,0.147249548281574,0.315642138781924,0.995602536681369,0.75174830350045,0.377174605358618,0.0971622729214911,0.312687477993033,1,0.824603872188166,0.315485290315951,0.0614501998803964
"Tnfrsf11b",0.468569812137219,0.630395676568435,1,0.885275602496798,0.546705182628514,0.846546824852868,0.468569812137219,0.711177661505386,0.87517953645675,0.748616977927128,0.43960389404192,0.512748085971231,0.306576687784183,0.202007548065486,0.409334046569588,0.661758783563535,0.188956772111382,1,0.306576687784183,0.24162235772101,0.368239355054425,0.517371221263951,0.323161417580523,0.367181239492113
"Arid5a",0.133269744839078,0.422061841460653,0.989405831649177,0.601615347540303,0.184424076259091,0.160888218034101,0.133269744839078,0.862010086026221,1,0.272467584170951,0.134244562694655,0.100082737730475,0.261195614551117,0.421982814645311,1,0.756928583553407,0.525884487313352,0.393014674967836,0.261195614551117,0.883350429724645,0.988497787993772,0.541417242451644,0.268831863259241,0.216101472271569
"Trib1",0.397378701183934,0.70073204427664,1,0.731534809791202,0.383183005880676,0.36862789757138,0.397378701183934,0.57680467635488,0.452918425013638,0.689896402502371,0.297545937390423,0.301767329420127,0.509471245630134,0.693178101710559,0.697110825176668,0.710569527365536,1,0.553761155081929,0.509471245630134,0.706692261019177,0.69913452387265,0.698043372793205,0.720517750230632,0.400978258195761
"Rasgef1a",0.27851740855294,0.201455125758088,0.136643438850453,1,0.403678250228575,0.13872310941868,0.27851740855294,0.226458890176327,0.425850659322376,0.578326911242479,0.216746624231859,0.141503573960482,0.140955899504725,0.126836189283709,0.148967667365521,0.720139278751555,0.533167999176474,0.195154931234589,0.140955899504725,0.173580635215491,0.429491444880777,1,0.304359142432743,0.0520026751545815
"Klf10",0.270210232937555,0.303073450875777,0.686618262614055,0.727742703612712,0.281830063308222,0.217761857133877,0.270210232937555,1,0.745833410187955,0.383103870383118,0.166852937479427,0.167069516702714,0.233990252795419,0.183671103177341,0.530350650217888,1,0.531247630644158,0.372140936219137,0.233990252795419,0.786836452190543,0.87749703375736,0.908717759636795,0.290191222674315,0.240826615934238
"Irf1",0.0368887769969044,0.192966226806669,0.457399569539269,0.26211826189264,0.106023563306976,0.0549404008815293,0.0368887769969044,1,0.558673669969503,0.0816601837595887,0.0444709572890106,0.0300520566132722,0.057177781633233,0.164377547149596,0.613850327630242,0.589329792461576,0.356516471453808,0.190129158363394,0.057177781633233,1,0.808643851445483,0.454986752281405,0.0778063329890682,0.0571062168019551
"Tnfaip3",0.0131041225224746,0.339422078954993,0.673675834484611,0.472142741146561,0.158612286314434,0.0575580656090301,0.0131041225224746,1,0.714901647569199,0.0807682508909279,0.0146554321662899,0.0123560951561905,0.0228171157999793,0.448648906995416,0.732018663377501,0.912531629622189,0.605826902747307,0.284427759152666,0.0228171157999793,1,0.975104919206558,0.593925733816374,0.0706191281704323,0.0194865166113898
"Nr4a3",0.00843868948239665,0.125331558507267,0.903233091209726,0.235493310344476,0.03495995665663,0.0280844633445723,0.00843868948239665,0.430933341572299,1,0.147831006890939,0.0178771620935286,0.0269334227053602,0.0101360535554428,0.0460836061936133,1,0.144178190752398,0.0206321024720132,0.00838266131005734,0.0101360535554428,0.218885730078336,0.512819470709645,0.0905722278096046,0.0184305532730921,0.0159551187019926
"Rel",0.175196334051502,0.489613004262035,0.620999010313686,0.784369210322496,0.332782021431284,0.15092342487175,0.175196334051502,0.754360902899919,1,0.167893513114407,0.101599515027588,0.12276683919559,0.183789148717046,0.621540537065062,0.816037200145191,0.677145129922532,0.315466210826997,0.22558174430075,0.183789148717046,1,0.93361653914898,0.400874893109948,0.154716129112662,0.184831651691042
"Klf5",0.230771567086722,0.247041542786775,0.305690893199727,1,0.362906746955489,0.394982526090279,0.230771567086722,0.15010989291688,0.397126614850435,0.626504888641852,0.405075357731096,0.138891200287366,0.204999744460911,0.271842701949098,0.50801085764185,1,0.521600407806506,0.19678485550401,0.204999744460911,0.255813620671928,0.610751781602164,0.794259625841625,0.357222980832656,0.100840382516146
"Gadd45b",0.0911784114959654,0.214445450093661,1,0.546006095117917,0.223246953281851,0.099517632453796,0.0911784114959654,0.727509156099615,0.555219023256057,0.169415314041039,0.141753992714642,0.0816706705117055,0.202137913961808,0.204494156551047,0.50354155390893,1,0.497392806140266,0.131286083950622,0.202137913961808,0.616391783055598,0.593339819819951,0.578928624930677,0.232846255739098,0.062470764828551
"Pim1",0.106260973984673,0.378709648536258,1,0.712456517479623,0.276872998682306,0.119411880632152,0.106260973984673,0.716722451795347,0.681166414870433,0.192049345342333,0.150561477392969,0.0568184416356153,0.137389121535601,0.484385313657766,0.714308179210572,1,0.526439161471598,0.219805952281412,0.137389121535601,0.53839481260281,0.753522304123537,0.595447611341883,0.170014282265308,0.101373576871817
"Mir17hg",0.0710503593247295,0.297865793085173,0.534373448361591,1,0.26995982984036,0.126111917653346,0.0710503593247295,0.314076913161216,0.379925588218982,0.221054707809625,0.0963318329919373,0.144224796536645,0.0249124809304127,0.220236896593469,0.342169326933848,1,0.451256509499907,0.17659695565844,0.0249124809304127,0.158165029382994,0.402594180799422,0.556523030829922,0.128346528483749,0.0653577167602252
"Zc3h12c",0.376000359072203,0.59567515616313,0.986039978670143,1,0.820614560636227,0.337040281885315,0.376000359072203,0.648963657422513,0.633072875578567,0.422163338115425,0.34692052273567,0.274398835980684,0.309940089839711,0.906142339830327,0.815378771509187,1,0.962033405214551,0.657391165639769,0.309940089839711,0.570291267137043,0.656359869189339,0.806526183769681,0.366098085946511,0.316926916479317
"Nfatc1",0.121790329995143,0.09734217850836,0.243487604967343,0.626970271341349,0.223960726441104,0.100366315009754,0.121790329995143,0.328024077726168,1,0.352584791673594,0.176921077638704,0.0791309122039912,0.0889429433914378,0.071837431351188,0.293477892737073,0.596561803397276,0.199615439768813,0.0678142576897976,0.0889429433914378,0.245888580990806,1,0.404023787961266,0.0984149146156843,0.0936077990334927
"Cxcl10",0.00867906613922463,0.0711888584327317,1,0.856129132749983,0.268127488324708,0.0442894918955889,0.00867906613922463,0.797775314002136,0.671915245851496,0.181720578564541,0.0220636731589714,0.0049861121623879,0.00748159345697399,0.13889496398191,0.733972727514905,0.91087893025921,0.943308327432557,0.392788447717358,0.00748159345697399,0.719369343328926,1,0.702738895102278,0.22276393974366,0.0110406978508514
"Zc3h12a",0.22805502923844,0.305652014665664,0.740011299049864,1,0.568660688712126,0.401813353092858,0.22805502923844,0.918621388177117,0.812915805899335,0.363086201769185,0.285969817039265,0.184644502370377,0.189651338032997,0.260736799571678,0.338746588804762,0.965665983325549,1,0.656590807314591,0.189651338032997,0.513369378096391,0.598184815823802,0.67571806118896,0.353576436743693,0.151154107801543
"Rnd1",0.0134633897826385,0.0449906607237996,0.487799506436248,0.651783027478052,0.0573699874418773,0.0388327042899919,0.0134633897826385,1,0.646744961897272,0.133588229034302,0.0313740566200633,0.0128911664122465,0.0236129749276813,0.0548710901218334,0.493824311998976,1,0.382800174657342,0.186913423275891,0.0236129749276813,0.906932184015076,0.642100719336329,0.49584361131068,0.0286239077145318,0.0929227079892514
"Stx11",0.0364141120386679,0.0752536650425731,0.317744083845805,0.762815904269434,0.211111902954572,0.108822185477804,0.0364141120386679,0.568188585047116,1,0.25870555315964,0.0724194208242943,0.0555016688849759,0.0340187319196867,0.0750417947733083,0.331477605077941,0.80753470933843,0.357769368061054,0.180861287234643,0.0340187319196867,0.468897944986193,1,0.632024012051288,0.13883419835591,0.0624735310823359
"Bcl3",0.12865027286425,0.158829756516126,0.423662836065195,1,0.530888689560228,0.375369471219082,0.12865027286425,0.873768680556797,0.844851094211394,0.311693482938748,0.100803401504838,0.0911211950307508,0.0876448182840128,0.0956796259448172,0.285837311205133,1,0.547518440492544,0.455435183975835,0.0876448182840128,0.429380528061463,0.470737539179534,0.620661164729355,0.18975360607557,0.144684027088384
"Cgn",0.28097187551143,0.417299903356039,0.305562235416394,1,0.848068369443271,0.997430621440099,0.28097187551143,0.444217249398911,0.605375937272005,0.456773978545196,0.238092882678936,0.215223967387447,0.185232456299582,0.181948163241981,0.28001552218826,0.779414331405467,0.867798965626574,0.54710675549559,0.185232456299582,0.281160725454794,0.713515289273198,1,0.598775517962057,0.0809926722235148
"Pdgfb",0.281877113276399,0.415748602600069,0.547154290457999,1,0.467831578099474,0.0951699601621904,0.281877113276399,0.354581144204216,0.355573970590992,0.347806362332838,0.447862448459262,0.0528058804742435,0.373134325998206,0.556917583161291,0.127464353315041,1,0.304137201605192,0.273854642254927,0.373134325998206,0.288137466241234,0.300120787054802,0.978789118571795,0.356371387848494,0.088992295797539
"Gm17024",0,0,0.3117039687312,0.110124407929204,0.0805743762943283,0.30206400575051,0,0.645732932882331,1,0.114480331736343,0.0961394050363095,0.434525886313144,0.111883829424747,0.0423900214749985,0.326188068826697,0.465039443510068,0.549019352831018,0.4956938983468,0.111883829424747,0.70543223235534,1,0.515498542895539,0.508600528630563,0
"Csf1",0.116740916128169,0.116967867631137,0.27769313480354,0.739224139330504,0.391596244354391,0.261334598323828,0.116740916128169,0.638716407763754,1,0.278944502749074,0.123695991168712,0.115964185333159,0.0943518673952356,0.0951184044543383,0.274876879476377,1,0.791161567960857,0.519695517578406,0.0943518673952356,0.530098797059949,0.831899186077282,0.843000353137698,0.250410999728543,0.139308103366992
"Plekhh1",0.216031000746944,0.28126426555749,0.225222331206119,0.94548610779429,1,0.599136743371604,0.216031000746944,0.307391005188054,0.770722151098747,0.635793213115043,0.441311639224264,0.413698425997322,0.166214215357431,0.263347757430166,0.370045829322208,0.884511339507146,0.59317903979538,0.629288192186067,0.166214215357431,0.351314022336771,0.761214689545022,1,0.549509177876571,0.178388923631539
"Rrad",0.226475409199656,0.185654162812568,1,0.549574762406269,0.382957736623838,0.717832102945414,0.226475409199656,0.859339674319008,0.776298452749714,0.253916869706277,0.411242352490828,0.165218827701841,0.332654754499675,0.252069351925178,0.398415611982654,0.504484987777051,1,0.605454971349168,0.332654754499675,0.566865450015382,0.701299027042534,0.361518626574486,0.34330551628636,0.530706518200272
"Dot1l",0.523449153276372,0.501693601539059,0.739284009738295,1,0.467838600348274,0.479187301565349,0.523449153276372,0.568200500969526,0.972665124687464,0.807250208269945,0.471063285093695,0.337529956886739,0.495079384385737,0.553788013155395,0.837683605057207,0.717920548249125,0.573439291033562,0.593437448904316,0.495079384385737,0.581299048778738,1,0.813351102082251,0.529278579833682,0.692965645562896
"Ccdc88c",0.180788785275312,0.285379288746711,0.556963694300578,1,0.991290541891945,0.330331861724248,0.180788785275312,0.332905004452758,0.429621632902713,0.974722136197002,0.506907427639025,0.193470147027855,0.219176210210062,0.246257905143866,0.114577543808556,1,0.642832514557345,0.107149868965534,0.219176210210062,0.226348177453172,0.282483600081819,0.943363597864155,0.563441391802749,0.26767577976799
"Errfi1",0.112739537578623,0.396442440919774,0.49518655919799,0.975040475646898,0.144023546889056,0.242509853577343,0.112739537578623,1,0.41454954690897,0.537873990992996,0.095388775222745,0.144808107347478,0.112866305106362,0.295617343677301,0.738937227452912,0.737891469858573,0.17591790751029,0.265785687273912,0.112866305106362,1,0.488441496171478,0.656197863685566,0.191842315581542,0.188283489770043
"Sik1",0.251322444117393,0.291924790027539,0.766182509516966,0.634329635011755,0.561952584915528,0.454736040246326,0.251322444117393,0.976567475987888,1,0.263316064112221,0.291834817854543,0.234206450075989,0.263726169358333,0.304592815598578,0.939181130889033,0.811318814080738,0.865063903481439,0.634465346847114,0.263726169358333,0.84537072602894,1,0.709701334977154,0.465357764790775,0.393369379879527
"Kcnk10",0.0672803402585194,0,0.144411797618919,1,0.179183713111664,0.111956498324909,0.0672803402585194,0.0319111166915136,0.864822767531435,0.70717998085815,0.14253179371256,0.0644207793540657,0.0311555367031421,0.0236081277643359,0.0968868217705996,1,0.135894864726567,0.0368086780079443,0.0311555367031421,0.0081848735126005,0.556926534662405,0.826485079583077,0.13218479397092,0
"Ccl1",0,0,0.117936301388783,1,0.243888942846431,0,0,0.260607452980694,0.302687968636002,0,0,0,0,0,0.205032500405352,0.97436835783062,0.0958605219228761,0,0,0.138567045641228,1,0.957354436806002,0.319691760853497,0
"Zbtb46",0.295372360845928,0.260510922326313,0.24950685727338,1,0.494826699069926,0.454513182987637,0.295372360845928,0.318603909279866,0.622872351644028,0.677012418668941,0.428934191338738,0.278256805620379,0.230760398188541,0.160287268702338,0.257892441916107,0.710476927584827,0.793345673622136,0.607741373285608,0.230760398188541,0.19702501802112,1,0.931656220753918,0.699325726867024,0.60539826548835
"Ccl2",0.0443342310349532,0.117820702180818,0.725257192166762,1,0.524895594129212,0.617058233660966,0.0443342310349532,0.96358426133586,0.800602131684834,0.348245780655075,0.0788020176731473,0.0774452376307143,0.0405133335117683,0.0847511795940939,0.346578108797653,0.749743592975115,1,0.767967809858071,0.0405133335117683,0.534823867896731,0.646140054972369,0.642896251202434,0.330971093688865,0.138362172716019
"Micall2",0.263023404149714,0.171079542372653,0.412966663062332,1,0.758722032810038,0.532123356722196,0.263023404149714,0.465699652713893,0.818522770491569,0.415598987464451,0.269481333450114,0.211879114732444,0.322301028437685,0.222408610750422,0.244020330092383,0.815742868614142,1,0.655791620252744,0.322301028437685,0.37576538416123,0.596788825558496,0.824108837014216,0.53114342839141,0.339879733401767
"Slco5a1",0.108150863696104,0.0377646971362931,0.160094526772104,1,0.54295637954952,0.22340640615966,0.108150863696104,0.169807571172941,0.630029255984439,0.887462877335744,0.126408287636479,0.0928417114220359,0.053201715009051,0.0806272668118596,0.153037138933106,1,0.672963390310553,0.232563920141102,0.053201715009051,0.120198990134676,0.368879342741177,0.867590234323494,0.328907688473098,0.0418722964256234
"Wnt11",0.412092084083431,0.260812439597524,0.265356678124763,1,0.457291767837058,0.342866776120034,0.412092084083431,0.537502871772682,0.807167916362673,0.851857218608714,0.509254221285502,0.394577273543653,0.267250807596413,0.0540025252095604,0.249327253871679,0.728200539334595,0.388566701026824,0.347317522394216,0.267250807596413,0.196586546270918,0.608018858909577,1,0.388757239273873,0.210339178610322
"Tjp2",0.289187427426969,0.275537735230303,0.311487264912002,1,0.471440827320374,0.379140294699453,0.289187427426969,0.278064411553564,0.706754682748178,0.767092900448557,0.353658433920759,0.198861911387232,0.17746488466963,0.176892143237504,0.218065296153032,1,0.53899169910286,0.219515779407113,0.17746488466963,0.214960980841243,0.720010932451336,0.986778967998655,0.400652048203939,0.140610764399577
"Ccl7",0.162555241576633,0.236343048870831,1,0.912875144944454,0.701680564799888,0.73621448714376,0.162555241576633,0.986032152369332,0.732827037655443,0.379969619730575,0.232212391099174,0.389829698780496,0.138050273009456,0.197177178804205,0.696983055597273,0.803394407943195,1,0.767926145984933,0.138050273009456,0.682600479393523,0.717532800816667,0.624127139068258,0.471158842201505,0.239293476665212
"Birc3",0.137416565926429,0.286037070910978,0.480664998510728,0.650969046871231,0.444288616950035,0.289830884022297,0.137416565926429,0.798214416721834,1,0.196863374200814,0.137470364210798,0.144571229464934,0.14977294895389,0.326330647435836,0.609357866679048,0.943729928227373,0.834866131832202,0.742847030244132,0.14977294895389,0.780274697520178,1,0.723141035290477,0.30974800468387,0.169473853480409
"Angptl4",0.172369014708202,0.146102580308622,0.449452472185554,0.83035910564691,0.482863221826066,1,0.172369014708202,0.427547089748703,0.375133896905479,0.34785816900262,0.440896454562265,0.469455520432196,0.137312036255394,0.0636366729983097,0.260209239404939,0.653962021192473,1,0.934254680670367,0.137312036255394,0.199047072789492,0.27394493243849,0.45960109486387,0.681037891074564,0.557241844110285
"Bahcc1",0.411903483587283,0.396482654172603,0.400281744210169,1,0.685121433039539,0.463641663390997,0.411903483587283,0.458716825704234,0.715922847556458,0.672419738320775,0.495436601028327,0.424734895823648,0.341944234983455,0.366959019818712,0.28879563237616,0.975904720141467,0.825514187677992,0.420128440961841,0.341944234983455,0.384796679032006,0.615831648479844,1,0.459110962623454,0.51501652702926
"Bdkrb2",0.174064799518432,0.317276182387534,0.179335672827192,0.380153673456323,0.7417222203076,0.695157677056841,0.174064799518432,0.363259895462592,0.81826092933695,0.29273369574182,0.29500169591592,1,0.141174527606156,0.117672596951468,0.0823165362932917,0.234713895987698,0.33867788679331,0.900668732081086,0.141174527606156,0.0556319569776975,0.25235912701953,0.0946114634654242,0.12834998540688,1
"Icam1",0.0739088197047789,0.244113573368543,0.569915361397798,0.90806541850299,0.381409909094918,0.173177233129415,0.0739088197047789,0.7679340409316,1,0.22855408695206,0.154379105499706,0.0608468516602881,0.0413967936682666,0.136130053587318,0.358024590945316,1,0.897859248317999,0.297661395043387,0.0413967936682666,0.486112755273748,0.772183744033614,0.635501562507428,0.285603208503855,0.056120827591313
"Nfkb1",0.152221906631623,0.164682148604714,0.288119709548158,0.848096344692556,0.342796896428825,0.259757260379883,0.152221906631623,0.213562714781396,1,0.362741404397822,0.1397678850392,0.161766430502448,0.108817225140087,0.142028520849258,0.310098963495781,0.672777825416492,0.339439475309527,0.329220202364415,0.108817225140087,0.180422591226351,1,0.527857974417011,0.142573025270323,0.152916896415562
"Nfkb2",0.146911626279329,0.206519863666298,0.49082406939535,0.800468635383526,0.414347789623481,0.31076960377147,0.146911626279329,0.675812315479732,1,0.351804504699151,0.194276344627663,0.0956714166580884,0.213019956197971,0.270999314532507,0.538916935419932,0.832423995855623,0.843992113804998,0.503980772271023,0.213019956197971,0.734587267997816,1,0.723051566730943,0.383420249723854,0.235270748251052
"Nfkbie",0.0374260921585815,0.232887007521073,0.580253702747622,0.748933722450804,0.313951155441646,0.125157994414554,0.0374260921585815,0.64779104581582,1,0.216646046114594,0.0815844353495376,0.0280450970449121,0.0572616453346839,0.206866638220389,0.443453320830842,0.945874787733509,0.739621091166411,0.301574190842182,0.0572616453346839,0.538695280646515,1,0.858376014087527,0.237569106689296,0.028564007283854
"Rab11fip1",0.176757701901123,0.203967035056817,0.645855655485707,1,0.6751040562582,0.314650807012899,0.176757701901123,0.296351617354605,0.446861040978836,0.271338433553205,0.300436405574917,0.188924779352572,0.142479259624239,0.37645254813823,0.325750481443326,1,0.564228418871212,0.232563920141102,0.142479259624239,0.164005731721965,0.374725421610513,0.391052291038276,0.146580429232689,0.154927496774806
"Relb",0.101110563597824,0.173272591816058,0.46163311315444,0.759464527112359,0.332624474419209,0.218332403560354,0.101110563597824,0.647336839819445,1,0.313640849242887,0.0924141821884049,0.0550442627967471,0.143684551113322,0.251386300947699,0.568476419216796,0.766064364461879,0.67512526503385,0.402614946285592,0.143684551113322,0.638246926912879,1,0.687856552042153,0.304352027829658,0.111014351862167
"Rhof",0.356550206903249,0.469372949439697,1,0.591233490751934,0.527543820859369,0.395540138357677,0.356550206903249,0.417143019749606,0.645999295540994,0.439727756867431,0.956767922121519,0.455194729382623,0.262013783466926,0.397082222337732,0.44135263282289,0.675612464524469,1,0.206370616800719,0.262013783466926,0.321223755008717,0.591373187486264,0.536539548963721,0.476423981785152,0.515543474823121
"Ripk2",0.0599124461228642,0.0990203160505855,0.242002625222634,1,0.352192168313829,0.100557035658054,0.0599124461228642,0.588354453169974,0.879676220713896,0.247196027508556,0.0683937872654621,0.052313069788085,0.0339549913888721,0.0641520113928579,0.277444309739006,1,0.578105463297228,0.207801351256704,0.0339549913888721,0.42728325493371,0.78390927578664,0.763455215413623,0.131713963928998,0.029396623976402
"Trim47",0.279424262142042,0.202111064303495,0.524161339505704,1,0.454425551628393,0.328214349790118,0.279424262142042,0.561308360266111,0.989987999983278,0.669342829745569,0.303438412682936,0.170871070024602,0.237539968527708,0.112361178298864,0.308909535061161,0.896568878213462,1,0.438821036823507,0.237539968527708,0.432290524303332,0.74162096874651,0.736870874063812,0.44501141155756,0.186955326034758
"Vcam1",0.0807638295871525,0.0884973002823946,0.2998461720597,0.456113989587593,0.174978010746716,0.1183985875687,0.0807638295871525,1,0.512151670434991,0.161930508519799,0.0663553831877964,0.0779659203760571,0.0608448121839689,0.101530050077817,0.601108262656317,0.817208836289447,0.432294446061006,0.202623562792038,0.0608448121839689,1,0.883332914787791,0.702251489290943,0.228488156598647,0.0514729611429286
"Glrx",0.64501369682624,0.598734643945621,0.953745741665814,1,0.731666828539293,0.477032036340917,0.64501369682624,0.713837805990597,0.526413858497395,0.587574323226054,0.569352545536586,0.308799605381989,0.407534711378169,0.372155263704595,0.292463706972364,0.470527024833504,0.615320770721681,1,0.407534711378169,0.3047191247802,0.322643995550591,0.41142936580396,0.627022917166654,0.370095376313479
"Slco2a1",0.352715375193991,0.382300556622952,0.356091542257746,1,0.450014436477931,0.534823014220211,0.352715375193991,0.459005384927287,0.593658983647385,0.710921191079464,0.26284088840542,0.325844458152178,0.123072212367222,0.243439837613563,0.527492705588315,0.625588775198068,0.636165281851814,0.365397216495641,0.123072212367222,0.423259339413204,1,0.548972474252393,0.619039500561771,0.245304232249825
"Ngef",0.211208880194557,0.213878035267675,0.181337097551985,0.640660450516552,1,0.312407016186622,0.211208880194557,0.133568710587666,0.0517120560939416,0.355200800184169,0.894881935093647,0.202232043065655,0.388645348873811,0.0841417886985304,0.194239445568942,1,0.66597194925295,0,0.388645348873811,0.437575930096719,0.0902246950094106,0.74417118096873,0.504771603350493,0
"Rffl",0.377337330004106,0.345906425914403,0.467198263814843,1,0.818056405884896,0.608072161986374,0.377337330004106,0.365478403939191,0.889829690929934,0.531049564420805,0.437555434192293,0.372709135491836,0.219177219161116,0.181365267240768,0.255597235870644,0.652975735781374,1,0.726798277460743,0.219177219161116,0.245863343276466,0.686131636061775,0.68487106383319,0.452323355140595,0.301615610636987
"Gbp2",0.022854327020225,0.0267592658997807,0.0858461812535339,1,0.394364616422392,0.174305466773905,0.022854327020225,0.110430714477955,0.339933801865042,0.523680870400469,0.148275059230441,0.0560751064654757,0.0200507702261788,0.0272069362847775,0.0734103193772571,0.952595651240381,0.879154928653328,0.394173320248464,0.0200507702261788,0.0632104731926913,0.431924111267797,1,0.457004888733638,0.0495447362117282
"Il34",0.145391307507754,0.132505822906221,0.324553484635642,0.564500268258756,0.774423976849621,1,0.145391307507754,0.372379723329515,0.704828187911601,0.537926431794971,0.24640640959506,0.1113694883821,0.103329379395407,0.215319233239474,0.256061034535924,0.626329823113918,1,0.846918851694499,0.103329379395407,0.203592520780173,0.587708339563814,0.411163790082954,0.657599298802041,0.304969379472832
"Gjb2",0.494510500900118,0.445119896913108,0.471745205555134,1,0.0975555771385724,0.487632748259604,0.494510500900118,0.364850434172972,0.161433583272535,0.785441232073119,0.116400964865258,0,0.25130953135382,0.238037446647404,0.439603316036908,0.522277639272983,0.0685104446547295,0,0.25130953135382,0.198064640603782,0.102098404879553,1,0.456960263707886,0
"Slc7a2",0.172503663104692,0.19735255504003,0.107028292685862,1,0.363430460900575,0.198346979309394,0.172503663104692,0.248439911682288,0.274692152612683,0.505536391002879,0.0839996311339024,0.0523954909658534,0.127582069603582,0.192876889879552,0.255506337778709,0.989669462942153,1,0.847865868098771,0.127582069603582,0.252856912402008,0.684998089212323,0.900951014618724,0.297940980652638,0.123055387261713
"Sod2",0.231571541502822,0.755723196626901,0.647068136355318,1,0.833520831490484,0.548820382380302,0.231571541502822,0.997497492443347,0.712843696251326,0.300935337959049,0.229680064772443,0.20157204267875,0.101499528736496,0.313029123254067,0.323729366134043,0.72281699943772,1,0.768964670307881,0.101499528736496,0.459570399909399,0.485757274334317,0.487209870152472,0.222392710921846,0.113836107611746
"Tnip1",0.216466478467668,0.291799548794527,0.535442400274453,0.912917829535812,0.705643694234071,0.471009824917718,0.216466478467668,0.496514484179461,1,0.309611940125386,0.314075050195306,0.214597140173056,0.171635611321689,0.229327549293152,0.279444546731338,0.86216217487824,1,0.661234966806101,0.171635611321689,0.306157315324198,0.732329606731407,0.639031568673707,0.321133886456448,0.171304002710214
"Mt2",0.340119784343116,0.371058123081799,0.638885442218426,0.91198783145978,0.350317403263067,0.341874758212425,0.340119784343116,1,0.494125461984312,0.462969846775139,0.183119554584579,0.190720326182466,0.371792134008061,0.347845029232032,0.672478571080561,1,0.757064755595636,0.554669533582261,0.371792134008061,0.80431170961799,0.631928547174978,0.894643376069339,0.582908390308033,0.0895770020774177
"Ch25h",0.317358271650459,0.388520599676312,0.927223335056643,1,0.571877521157149,0.714634200035627,0.317358271650459,0.691957719983223,0.410542302287911,0.816508380197715,0.291002412163144,0.263051515695768,0.120756352494776,0.136591737741176,0.277562342779398,0.408565803643585,1,0.651308029645399,0.120756352494776,0.231722479758196,0.346969031986216,0.281487785577081,0.311857682733411,0.144627654196563
"Mnda",0.26082888741788,0.396187674002644,0.80244889735682,0.725241869579678,0.463100001721545,0.626927988846673,0.26082888741788,1,0.830192246559139,0.475203418955151,0.138139941894149,0.0624357729945711,0.109720883832584,0.134609350701662,0.402137597087001,0.325749478730887,0.529859552565892,1,0.109720883832584,0.308836950790744,0.331134627012448,0.175076325874026,0.237508680744945,0.185047688156739
"Ikbke",0.254476616972581,0.290899372902941,0.234785337518221,0.809947212619904,1,0.455261160803113,0.254476616972581,0.329806022874278,0.335520919620753,0.329763085405346,0.407475465168052,0.272121564247691,0.144726561349973,0.183116217242205,0.15800983201404,0.585354635442153,1,0.577081302837714,0.144726561349973,0.204774276360282,0.287695998409051,0.570526168314233,0.407462790071974,0.23554787110769
"Adarb1",0.326956119623212,0.422922668608397,0.36882121535997,0.570441169499483,1,0.730714715826337,0.326956119623212,0.470886301732789,0.378637427670895,0.389316131275304,0.439857222334165,0.475302428900071,0.189588840257462,0.203253802169046,0.196526440342858,0.344392338091123,1,0.492777004971701,0.189588840257462,0.191479857024721,0.225935348873006,0.250585556436871,0.337071791094549,0.414487479758252
"Ifi203,Gm16340,LOC102641031",0.110417017744843,0.147752118891612,0.23700117982435,1,0.693158048089856,0.892437924446405,0.110417017744843,0.190779618689216,0.21434363329248,0.828990886651899,0.167082724686973,0.196344672002583,0.0509506845272238,0.0723898380482979,0.136659113641714,0.418253506776814,0.544482487862074,1,0.0509506845272238,0.0803115501830557,0.188365521460806,0.363866305264595,0.277933408799502,0.0902264122840987
"Cx3cl1",0.0952244656447769,0.0947653166983834,0.256546695451298,1,0.585916464288438,0.0801388480705525,0.0952244656447769,0.244514164051608,0.359366592245134,0.335473786138566,0.12869030976139,0.0597367983850948,0.134390549438594,0.0754980094421806,0.0999777135566199,1,0.625350867276044,0.100603493544185,0.134390549438594,0.200877553784369,0.286170140190362,0.885121741730062,0.294922734541861,0.0547095494228851
"Gch1",0.130355659250881,0.259747899027739,0.65707367916608,1,0.54501712738131,0.391847744137182,0.130355659250881,0.462711192026947,0.660971686613311,0.297015591960423,0.115807082391455,0.0885785716118404,0.0748045393885936,0.203639598917915,0.455558382217724,0.911651846547988,1,0.628463993157476,0.0748045393885936,0.438892577651638,0.783399743954613,0.791436358856607,0.397979549738956,0.19624917772723
"Mir155hg",0.195493818864377,0.163095649559638,0.349040590094028,1,0.658697360463946,0.72208420774965,0.195493818864377,0.472043688417861,0.57110937478491,0.571614912829494,0.12471531949849,0.0893382506136572,0.123904582501851,0.150102438454161,0.248491890889107,0.733141344298942,0.959556166929614,1,0.123904582501851,0.242577386802911,0.371925283056478,0.760296492082307,0.604142360621603,0.195658814330762
"Atp2b4",0.144903308215103,0.141700751260223,0.222357586333738,1,0.849051253383353,0.293925197703222,0.144903308215103,0.189797044314951,0.599899074148313,0.824286938363828,0.281700163764684,0.221325008682507,0.0615686098959384,0.0567643521955467,0.0833582970951248,0.751082478857706,1,0.138836894118193,0.0615686098959384,0.0683543585928443,0.354986168282131,0.531259925182559,0.368780483925984,0.123769011311724
"B4galt5",0.745976911333511,0.612852120841132,0.603282919804814,1,0.585333462831434,0.699414854255563,0.745976911333511,0.566107868664632,0.473695623909189,0.88223025466006,0.425670681733533,0.308749516232698,0.476850573113258,0.477326201055224,0.358102970986786,1,0.952967105696614,0.817112436639721,0.476850573113258,0.447474820032069,0.441729901402114,0.980012706428373,0.600535470515702,0.438098319928759
"Cebpb",0.417216958525592,0.514909131101757,1,0.685503701508886,0.462978756216879,0.433913435362526,0.417216958525592,0.593658964774752,0.64482664655756,0.548168082255023,0.598449692057549,0.25800029624336,0.408123346365372,0.402405040331535,0.541883460406491,0.747685724114811,1,0.627410936868673,0.408123346365372,0.418538190172215,0.679207167611569,0.430454316427328,0.594572020163508,0.493429009415159
"Gda",1,0.95021465307139,0.388119591833942,0.897525159992514,0.620206643604503,0.53188170534636,1,0.792667027879783,0.352164902286085,0.898469850711261,0.377262869439348,0.393492256185196,0.247868965089778,0.563468598125261,0.316155659078962,0.863911526730134,0.625045614215577,0.48044807922302,0.247868965089778,0.409020398810083,0.478327951342661,0.947376180098136,1,0.731567777879856
"Il1r1",0.459408577987188,0.374305861516687,0.621307867718941,0.663019657830645,0.677767259310663,0.921433779009585,0.459408577987188,0.503182944832046,1,0.558944968311331,0.375406736408984,0.624132652072492,0.323136988524727,0.317737684737706,0.616486955592267,0.627452214825846,0.723973365429126,1,0.323136988524727,0.377648322904389,0.83771454006262,0.556465771508859,0.666830012794146,0.620834426482942
"Jak2",0.287294915381037,0.29900687566012,0.430949877261718,1,0.4514591983775,0.493941853099357,0.287294915381037,0.324475857150254,0.772940762647127,0.552346524882216,0.261173450382147,0.330944277509735,0.193664682422103,0.207753962552622,0.438651145552336,1,0.742065610604815,0.839788135487057,0.193664682422103,0.242344531385867,0.737731898155955,0.757789340651446,0.348483992745335,0.208570092482272
"Nxph3",0.396412170402481,0.301066375915792,0.170173319296168,0.8417066536807,0.175956810816851,0.219880568980026,0.396412170402481,0.0940092973596988,0.145585415537153,1,0,0,0.447645102723991,0.113067787157517,0,0.723572146076112,0.488136918164948,0.264434931822869,0.447645102723991,0.235201760716991,0,1,0.813960469729671,0
"Osmr",0.506223563779199,0.634050509088344,0.673920900995475,0.780365349429141,0.516936724975055,0.723410338412612,0.506223563779199,0.734625740389283,1,0.608551204626489,0.304688747733488,0.49719566555256,0.362062001814459,0.457190434360501,0.681122198859424,0.829518704066774,0.618779183326906,1,0.362062001814459,0.583801820180013,0.764431708125306,0.714797907629829,0.449352754405076,0.543660788856176
"Rab20",0.171958997585487,0.893373545436221,0.783125536147172,0.498925257795949,0.464605350426905,0.364938441952755,0.171958997585487,1,0.680956924550827,0.245184742758775,0.31677480765325,0.100221961851806,0.351937090617081,0.842149119124773,0.604825663182394,0.712156822283571,0.848337267951015,0.722171526623612,0.351937090617081,1,0.75252587131737,0.799127539719919,0.319966506782718,0
"Sdc4",0.152650913659626,0.598244836479153,0.708070497942126,0.619386375943118,0.27367061886722,0.123159120299994,0.152650913659626,1,0.353119184110653,0.222546984693491,0.167993409982542,0.0664376898030305,0.237294159008506,0.598660863542108,0.501359886917419,0.662852354627183,0.428473871171419,0.183052678690623,0.237294159008506,1,0.383349427912235,0.491116864104202,0.354064031867172,0.123592408793264
"St3gal1",0.434016635788196,0.341633145635672,0.431792842869683,1,0.681617957531719,0.42687720226309,0.434016635788196,0.372660168920276,0.675707343665169,0.644877501328476,0.320387020557468,0.317032771359721,0.313715934026302,0.400145289023406,0.515568273157471,1,0.914277457717296,0.662798179211108,0.313715934026302,0.361634678191302,0.812789827896067,0.985753434032631,0.566374819907885,0.593109906446475
"Ifnb1",0,0,1,0.103911194572614,0,0,0,0,0,0,0,0,0,0.162444711832487,1,0.14850821758506,0,0.379914185802242,0,0,0.348376824588083,0,0,0
"Csf3",0.206046042041716,0,0.530713356249526,1,0.731666828539293,0.228577850746689,0.206046042041716,0.195455589735521,0.756719921590006,0.0866295476551234,0,0.394577273543653,0,0.0405127130770702,0.062348464009784,1,0.991109769595299,0.236870659402975,0,0.0210684707083605,0.173766079277383,0.0671821205041214,0,0
"Cxcl3",0.0450578944415054,0.0912546283808746,0.309481979822055,0.765375684883774,1,0,0.0450578944415054,0.320564905410399,0.364052874901349,0.0568321280294671,0,0.0431428358540065,0.0374305404952751,0.0283630158812666,0.305551822723539,0.738996149895634,1,0.497500594073162,0.0374305404952751,0.103250492681373,0.212894347495055,0.188137244441824,0.0340302844132252,0
"Ccl3",0.139681723122613,0.472215211599233,1,0.790031827665733,0.583763250919954,0.0619825505864306,0.139681723122613,0.106001836473721,0.0315687299107497,0.0758939721262305,0.0273149902023428,0.0164609164130985,0.153532963615235,0.632007564286413,0.566169553870088,0.528918733623802,1,0.441222246327329,0.153532963615235,0.137355859042189,0.107892158006544,0.111236500484457,0.128267995096003,0.0979765879754348
"Il1a",0,0.393856088560756,0.898436093725789,1,0.45215365808608,0,0,0.0966297297568867,0.0272079072931238,0,0.00980907007291496,0,0,0.4187463682793,1,0.462025565820185,0.46753817923187,0.303931348641793,0,0.0826014032485399,0,0.0159633551514428,0,0
"Nfkbia",0.0440538094772574,0.395659726864477,1,0.547144013605329,0.273925403055864,0.0948555667473353,0.0440538094772574,0.90914227000819,0.591731810443573,0.106129633220674,0.0614303929031943,0.0217136458047344,0.0461982779156239,0.245047421439556,0.808123593940014,0.604225423099168,0.612586158113755,0.582924115893715,0.0461982779156239,0.541784664939574,1,0.103718926048051,0.0571221014137629,0.152713075979043
"Slfn2",0.162697365952457,0.662093328291786,1,0.811755337235668,0.256471695676278,0.0506043519047681,0.162697365952457,0.543778350422304,0.321654860584098,0.20457308413486,0.103079023078641,0.00582364014092651,0.170759303957747,1,0.432685922140591,0.895222623606237,0.526432455700731,0.205479399772669,0.170759303957747,0.626381175039471,0.483045963897775,0.595150342640246,0.18016345056693,0.0248881011655201
"Nos2",0,0.00927384434764985,0.00786285517840586,0.72781805110173,1,0.0914361998594992,0,0,0.0201803145732455,0.0231024910688891,0.00970061718258696,0.00876886907601757,0.00367554405665026,0,0.0107157452858957,0.541067919051316,1,0.110732931159103,0.00367554405665026,0,0.0119459754105442,0.0923719937640219,0.0501247676226864,0.0216962183793297
"Irg1",0.00371493185909082,0.0924347500028831,0.259718062298544,1,0.788673709578092,0.0788910032197202,0.00371493185909082,0.0463152975033301,0.0187109111326827,0.0147264652807164,0.00449713965995844,0.00609778143274157,0.00814408951901598,0.335815535619099,0.298375653575736,1,0.979844355305533,0.559268665501523,0.00814408951901598,0.0363720848336154,0.0419097313913012,0.176815002624387,0.0345532418654592,0.00801223537622412
"Hivep3",0.154256424995838,0.198761921574502,0.234316154888813,1,0.431889717626073,0.161252281030658,0.154256424995838,0.183378849637885,0.377679049047921,0.387052712018812,0.138256694920942,0.128764269230802,0.201229913108932,0.265836708534126,0.386094749249436,1,0.766770630300513,0.353922893723414,0.201229913108932,0.254351079830023,0.538025850934602,0.69401498288266,0.352092133636377,0.349625965893698
"Ifih1",0.100045477060717,0.104066532463686,0.296837197880274,1,0.412053490556398,0.158551110344524,0.100045477060717,0.0929664902457968,0.0819831987717661,0.255811116775162,0.112460056888812,0.088625118417732,0.106643843962545,0.165784316346609,0.539767700227886,1,0.673764600324317,0.26302926230734,0.106643843962545,0.168964963106654,0.141143582291949,0.342613464505405,0.327851655245469,0.181712372454838
"Oasl1",0.274728056055621,0,0.471745205555134,1,0.162592628564287,0.203180311774835,0.274728056055621,0.260607452980694,0,0.231012127080329,0.194001608108763,0.876838385652561,0,0,1,0.84861838620034,0.534329347693566,0,0,0.193094189412171,0.19907247119319,0,0,0
"Ptger2",0.274728056055621,0.173874959731683,0.825554109721484,1,0.975555771385724,0.838118786071194,0.274728056055621,0.195455589735521,0.302687968636002,0.51977728593074,0.218251809122358,0.460340152467595,0.134352102652144,0.101805391286971,0.344689368931715,0.539813421896899,0.849728683377559,1,0.134352102652144,0.105886954556826,0.654991569914733,0.607764959819832,0.635166071935052,0
"Rsad2",0.0123012562412965,0.0249134270660322,0.0844916786068897,1,0.196567207667273,0.0545857554021945,0.0123012562412965,0.0350069712959142,0.0903546175032843,0.0310314797570591,0,0,0.0395490374587831,0.0599366166071723,0.115301953990696,1,0.560643882559146,0.0350438783774264,0.0395490374587831,0.0311697922808622,0,0.0496963631126378,0.107869000168051,0
"Tnfaip2",0.0609780725321252,0.247935070271377,0.511490388747248,1,0.503043843557561,0.164594366236224,0.0609780725321252,0.655466241591779,0.637054347609974,0.178117637792657,0.103388187996871,0.0659933947739509,0.0359791563550606,0.166768419137183,0.313335515236273,1,0.798890845180461,0.261333617916518,0.0359791563550606,0.359200985594402,0.560813556151788,0.526626713085643,0.157251662357448,0.0535820817176916
"Tnfsf11",0.145444264970623,0.343658743940268,0.527244641502797,1,0.401699435276475,0.107566047410207,0.145444264970623,0.429235804909379,0.688466752191692,0.353312664946386,0.0684711558030927,0.21663065998475,0.062762602923721,0.134748806538951,0.341561150662295,1,0.387825562015552,0.296603260469812,0.062762602923721,0.255569709897069,0.237983978140764,0.990206036995529,0.152163034053482,0
"Slc39a4",0.32184210315361,0.244432040305914,0.138161598134846,0.292873348807567,1,0.535554884891352,0.32184210315361,0.228974932435999,0.118198985357581,0.202971885819525,0.340907403845199,0,0.211604561677126,0.427582643405279,0.246766252757932,0.488624218096331,0.922981156082521,1,0.211604561677126,0.611497162565672,0.458494098940313,0.531794339842353,0.641273438011351,0
"Il1rap",0.305720574789373,0.427954522525606,0.482503262214891,0.507311182478178,0.78028204683244,1,0.305720574789373,0.328390283398006,0.492042832307668,0.580304449262382,0.383358600464135,0.447699788708094,0.184873749077326,0.246199786117221,0.365222098621357,0.323041536853907,0.729659104645514,1,0.184873749077326,0.221818930719533,0.34975588965618,0.38313463440965,0.40514683712013,0.276892873232089
"Cd274",0.193801505530102,0.561990568376146,0.423542483581574,0.961950461349371,0.797670875703058,0.449533607692497,0.193801505530102,0.401106335401382,0.284700368161544,1,0.559859809268232,0.269912028674342,0.122148121053368,0.222980194208313,0.369062318812381,0.665397907089262,0.889998474049579,0.491971966182081,0.122148121053368,0.148778788174469,0.324815390407508,1,0.272582110793192,0.131095115971084
"Tmem158",0.235481190904818,0.298071359540028,0.606529549999458,1,0.522619163242352,0,0.235481190904818,0.502600087891339,0.0864822767531435,0.445523387940635,0.12471531949849,0.67641818321769,0.28657757566695,0.304016076477326,0.401036767324645,0.397048370009716,1,0,0.28657757566695,0.316204633836705,0.558847662174519,0.768227081470782,0.937959714139518,0.676650810705346
"Slco3a1",0.298467439457417,0.2830891756341,0.32755392024962,0.529737341857774,1,0.757073937036194,0.298467439457417,0.309645419581334,0.486772755757278,0.98315433160465,0.308309688587008,0.291292869817197,0.132662877724476,0.156155930132816,0.174233202283367,0.345298245379236,1,0.923287502324635,0.132662877724476,0.141099339015416,0.213492365325097,0.423495968366969,0.533969575090662,0.212878906738761
"Egln3",0.167487085417478,0.229463837149506,0.524443345870888,0.908493298647644,0.699699379548129,0.590195687559107,0.167487085417478,1,0.882862602963772,0.265102698137453,0.0626148334753854,0.0377337693487439,0.222213716774151,0.161906332022564,0.408641164002334,0.882175518417827,0.59646546974234,0.363508858787654,0.222213716774151,0.862194950656527,1,0.665852284573405,0.404054864412058,0.302699132744175
"Adtrp",0.0633987821666817,0,0.435457112820124,1,0.450256509870334,0.140663292767193,0.0633987821666817,0.18042054437125,0.651943317062159,0.213241963458765,0.134308805613759,0,0.045852412106712,0,0.106943137953239,0.571749652813991,1,0.325033721461132,0.045852412106712,0.180688362192403,0.9686692811025,0.806638435544321,0.0833741968124016,0.541320648564277
"Grem2",0.309801795301113,0.347862978952833,0.816051605443717,0.341368617458563,0.344249657232734,0.547081868000151,0.309801795301113,0.466806934452087,1,0.446579622253227,0.375032973206656,0.427799479404272,0.347876324743454,0.27689443956353,0.99715925078375,0.394896914619595,0.498884568962046,0.97655230234878,0.347876324743454,0.349050717108128,1,0.324482455741848,0.369430027684623,0.638472279992464
"Gsap",0.245218688461144,0.273991161961454,0.347564168086763,1,0.902499779428699,0.609540935324505,0.245218688461144,0.330391899542847,0.675896280948169,0.817104921503494,0.291442657869896,0.276184193483908,0.109628135832726,0.213369642567132,0.20507070577648,0.693133210364657,0.90204568607276,1,0.109628135832726,0.187714388078256,0.494667203393198,0.850311528268641,0.347577792436922,0.157673769790358
"Timp1",0.106878916905139,0.133747148782537,0.383463946740125,1,0.171249378951737,0.234241086901194,0.106878916905139,0.604191659572532,0.538679273650577,0.455204707973785,0.108608174913814,0.1081603491,0.151632338996385,0.123631863478471,0.437827680250219,1,0.410063705957126,0.362232963009692,0.151632338996385,0.486628559571427,0.659398464283062,0.744366604072976,0.269098407702145,0.214815436704564
"F2rl1",0.283313307807359,0.404259281376163,0.64127863880151,1,0.663073063363734,0.885739171643422,0.283313307807359,0.757390410225143,0.832391913749006,0.747179848525439,0.491066570525305,0.567204830719001,0.167853472935533,0.178067506315495,0.430639390951299,1,0.402680713501784,0.392654432610326,0.167853472935533,0.476245430895964,0.600099134248638,0.916801588646941,0.561587755913665,0.475591385448243
"Rab15",0.298177242627609,0.25162121796197,0.42667552365173,0.643172844440146,1,0.918844165254771,0.298177242627609,0.392849148787253,0.316356107868819,0.585036612068044,0.421120910632304,0.507562774753017,0.291240687039486,0.262066781441945,0.488225704381285,0.554824918612608,0.774113227682115,1,0.291240687039486,0.37299533669695,0.384543437820908,0.472706079859869,0.695057661844561,0.214894089472343
"Il1rl1",0.125485095050512,0.186011232798258,0.400197298149694,1,0.285104061509805,0.302577874369718,0.125485095050512,0.513906724560814,0.610086688215393,0.490752380960987,0.172781347054435,0.182834514066035,0.131877385798974,0.166025720523577,0.471579763696939,0.941829426233388,0.297480234457674,0.414841130773194,0.131877385798974,0.511148054109449,0.711631083992093,1,0.275669640881065,0.19089188783288
"Slc6a12",0.749258334697148,0.606981677608784,0.171543711110958,1,0.620808218154552,0.110825624604455,0.749258334697148,0.473831732692172,0.183447253718789,0.462024254160658,0.317457176905248,0.143482644924965,0.427381332641835,0.804037597564565,0.051558413609267,0.877985249559727,0.449969834028594,0.417872484855891,0.427381332641835,0.185838428220832,0.143694051311964,1,0.294767577515272,0
"Exoc3l4",0.313927953076062,0.261796065027099,0.729312042613449,0.817804815522768,1,0.716999709280772,0.313927953076062,0.595585070161397,0.718882353568238,0.551240586078165,0.880211739436374,0.548126193227131,0.091704824213424,0.115815648181839,0.15684993566475,0.385401617822764,1,0.476716124809661,0.091704824213424,0.156596580566749,0.298052086493077,0.491665332141301,0.622527336199266,0.216528259425711
"Flt1",0.238426593869952,0.266600836268515,0.439367567970529,1,0.513433938692743,0.490291425847934,0.238426593869952,0.291866974281137,0.917189200664833,0.676143897285145,0.201592434340087,0.250059234291936,0.122387942348631,0.105124952243069,0.222222942974392,1,0.892042264481017,0.541171938997219,0.122387942348631,0.154897770560059,0.768342638859482,0.8866704056592,0.307351679388889,0.221202750159003
"Nptx1",0.19820608520124,0.321137467643512,0.306311974733103,0.817657892146966,0.633444518940664,0.307832796572036,0.19820608520124,0.582857643630133,0.582341662148613,1,0.419894856951174,0.151825516129317,0.247586427185615,0.194309086078103,0.123740192662241,0.618673327015342,0.279624111146341,0.0783510909104796,0.247586427185615,0.250881878098123,0.229910482099142,1,0.610972797031654,0.208781110620616
"Mmp9",0.0754835860489137,0.0705577023563463,0.478580381168126,0.676326083844278,1,0.979090030110651,0.0754835860489137,0.247859462946185,0.690915718533488,0.146474556776977,0.381324261002104,0.155670026277343,0.0522480399202781,0.0613660275257577,0.0929181569026782,0.226214915785338,0.658051379799575,1,0.0522480399202781,0.0833859767135008,0.150708708447973,0.281216348435154,0.384764062806811,0.0616825627189132
"Acpp",0.054505517469563,0.0735924422426408,0.12479112089599,0.308619227775715,1,0.564348158272608,0.054505517469563,0.137877378671139,0.266900934678408,0.122219630170897,0.26942681916798,0.243548266917778,0.213510909079623,0.127119164255624,0.195634506690973,0.464853310188942,0.582060188520509,1,0.213510909079623,0.192313603951858,0.247834648075845,0.689895359795485,0.305038175918913,0.540139197862915
"Kcnq5",0.425673439203258,0.57473719071258,0.616281759286768,0.840543512864456,0.637226642679348,1,0.425673439203258,0.649238173322104,0.66211132803817,0.652711238579504,0.760323481458831,0.39958959951911,0.34999573070647,0.443819958977632,0.374834814315846,0.450276494650796,0.537432065567037,1,0.34999573070647,0.394060311895025,0.406260593997746,0.532542292500359,0.662378639768687,0.337302115121145
"Pilra",0.31834381942368,0.570341427380466,0.29434427428728,0.207982523066243,1,0.869306479823644,0.31834381942368,0.487816160407128,0.179868021196319,0.164730805882513,0.36314049540032,0.468943867978331,0.106313402968218,0.557716491398191,0.123979180129589,0.226608333030182,0.927440002247171,1,0.106313402968218,0.244921129670572,0.172765892354321,0.171270318789808,0.416363043810268,0.289639859723592
"Prokr2",0.0374629167348574,0.075872709701098,0.0643288916666092,1,0.332575831154224,0.249357655360025,0.0374629167348574,0.0355373799519129,0.16510252834691,0.157508268463861,0.158728588452624,0.215223967387447,0.134282778348426,0,0,1,0.146429350364285,0.178479287550148,0.134282778348426,0.185206556459542,0.218217866999505,0.703068702950108,0.18312644214576,0
"Mmp1b",0.139876464809184,0.2203353530318,0.240186796321868,0.84857529549673,0.441510681054496,1,0.139876464809184,0.383318080464354,0.502291352304819,0.522749824001382,0.131699977542187,0.178575214129919,0.086812127867539,0.131563890278548,0.131608668137564,0.384885537946648,0.520656036764499,1,0.086812127867539,0.157364304772145,0.324472746942375,0.399982067573735,0.110496346241956,0.307463851091198
"Mmp3",0.229430282359084,0.173353707175742,0.16970705467508,1,0.444953703008906,0.65391864796055,0.229430282359084,0.467084449988953,0.160742218890211,0.387328684162522,0.104686092598304,0.0608341835013768,0.0825305773434597,0.078535587564235,0.167122118269922,0.409956826974246,0.679503889663171,1,0.0825305773434597,0.178999375560349,0.268234642917462,0.308170063400708,0.223355102218919,0.0453178011812423
"Rasl12",0.102404305548876,0.103698441341903,0.043960508497451,0.0621246497470596,1,0.965621686395014,0.102404305548876,0.364278301602726,0.263261376478248,0.21527321223283,0.759293763109761,0.588311398009179,0.138408015185039,0.0484055822722958,0.0993272967075954,0.250765636456985,0.917176243151185,1,0.138408015185039,0.109083541864202,0.173016641109552,0.107027791666385,0.251669575672379,0.251385538628023
"Rbfox1",0.239669651284603,0.303373099670461,0.267504370856829,0.421654537644936,1,0.531756623296378,0.239669651284603,0.477437093164424,0.176041042021929,0.644903580476222,0.152320329377642,0.298328120267066,0.0994389660145562,0.175816526155562,0.199713088948819,0.33677355721306,1,0.734262924987497,0.0994389660145562,0.121910220274392,0.125684614786237,0.499810390354485,0.381713190225453,0.130438710497416
"U90926",0,0.128399970263397,0.217728556410062,1,0.112564127467584,0,0,0.300700907285416,0.0931347595803084,0.266552454323457,0.134308805613759,0,0,0.183249704316548,0,0.50258491004194,0.175805934491909,1,0,0.127064345468192,0.39299494194884,0.472706079859869,0,0
"Gm16685",0.00671889267527334,0.00604782468631941,0.0205106611110928,1,0.892050318128522,0.208701515899151,0.00671889267527334,0.0141634485315595,0.202888674629204,0.489645269355045,0.0600983242510841,0.00857776681616636,0.00458066055012108,0.00520649767051222,0.00641017809909523,0.55594704835726,1,0.219178583402861,0.00458066055012108,0.00252710996073291,0.0722054255490222,0.417114304474895,0.188237447348679,0
"Tmem132e",0.0523631501215382,0.0397686676032675,0.157350561138346,0.921233027869306,0.488094779475258,0.290446159375491,0.0523631501215382,0.161433233220583,1,0.693486624941309,0.138662603417754,0.0501376022669013,0.0317592464808395,0.033090185194811,0.0277774384294127,0.486770988687236,1,0.450263163928841,0.0317592464808395,0.0531896477449498,0.470948102034516,0.435661245336245,0.202119264999762,0.140602765860851
"Fpr2",0.0915760186852069,0.0927333118568976,0.314496803703423,1,0.325185257128575,0,0.0915760186852069,0,0.403583958181336,0,0.194001608108763,0,0,0.138978777818206,0.106943137953239,0.508221913612436,1,0.325033721461132,0,0,0,0.0768227081470782,0.166748393624803,0
"Itgal",0.0310744099596589,0.0668676156239167,0.13006246996832,0.393527522708098,1,0.133580931059107,0.0310744099596589,0.0718507546609514,0.0998577634917494,0.0636911779640579,0.0905167934347597,0.0297536798993148,0.064957583817842,0.107129474568201,0.0623834971393893,0.457929120077872,1,0.731325873287548,0.064957583817842,0.0933556537994083,0.0683036031546635,0.23366907061403,0.180644093093537,0.270660324282139
"Kcnn3",0.0645102012929042,0.0678379671333594,0.178940572033677,0.517796640182541,1,0.34130810578979,0.0645102012929042,0.0917917130029776,0.215049255298154,0.448564887163562,0.204994980726298,0.118785341007727,0.07642068684452,0.115815648181839,0.0972210345029444,0.429935204697389,1,0.266757473421384,0.07642068684452,0.105857828355145,0.173111060336888,0.415153018774615,0.480033254374434,0.054678853390331
"Ptges",0.234211827542479,0.149644037877053,0.536231153157026,0.673222070773829,1,0.884637689399742,0.234211827542479,0.809347038412393,0.954369035238685,0.405608834533738,0.336688252807511,0.384441111570355,0.087802491268172,0.0973344277272898,0.202888577322634,0.625139986823808,1,0.671390577131594,0.087802491268172,0.238354860764447,0.414841999817492,0.367768283682821,0.257218266761665,0.307132282873349
"Fpr1",0,0.190113809126822,0.16118853115732,0.91116152962354,1,0.833085376497659,0,0,0.137898816250511,0,0.198862652243033,0,0.0564698110424626,0.256740211530475,0.09877984355195,0.273832878652314,0.492622380790269,0.700520124951955,0.0564698110424626,0.066758348373237,0.0458834776399146,0.0709585975990681,0.308039964976513,1
"Ccl5",0,0.00180259137518807,0.186456528329567,1,0.745889293888869,0.0671416581026993,0,0.0202632144866199,0.0627603563478536,0.10328187970978,0.0226265374468103,0.0136354997336899,0.00513273269851254,0.00388933146879308,0.0618514417266866,0.570682955700532,1,0.357779656085948,0.00513273269851254,0.0134842061337614,0.10982329679549,0.56112108655935,0.183547672087004,0.0201985316628462
"Lcn2",0,0,0,0.559121847723536,1,0.45441020536236,0,0.242852201068484,0.0752175361366424,0.043054642446566,0,0.0980518996681965,0,0,0.0972210345029444,0.297012806656619,1,0.232166943900809,0,0.0563184505534763,0.193540315904595,0.0199539501680723,0.259867626428265,0
"Steap4",0.0436300034204718,0.036148400326931,0.081729396079768,0.827745333249554,1,0.440009881952989,0.0436300034204718,0.398824882318102,0.209761579648665,0.160090501491457,0.0672211782229969,0.0151911393852135,0.0200447703198741,0.0199354804247427,0.0701266478381894,0.520719173783234,1,0.281962313016146,0.0200447703198741,0.112559963332972,0.103829620294719,0.160572053913975,0.205018516751807,0.0147901816547617
