gene,ensembID,b1_0.0_U_0.0,b1_0.0_U_0.5,b1_0.0_U_1.0,b1_0.0_U_3.0,b1_0.0_U_6.0,b2_0.0_U_0.0,b2_0.0_U_0.5,b2_0.0_U_1.0,b2_0.0_U_2.0,b2_0.0_U_4.0,b2_0.0_U_6.0
Dusp1,ENSMUSG00000024190,0,-3.48167665954801,-6.2057141516242,-6.36216282173016,-6.53166028777095,0,-1.46308076654226,-3.80159888697749,-5.54038538956609,-7.34607200960414,-6.96906044385485
Trib1,ENSMUSG00000032501,0,-3.67249526271491,-5.38796022686895,-6.40760579249132,-7.01122725542325,0,-1.47915826950318,-3.87526935458182,-5.24775207275739,-5.81807163005816,-6.31039004232145
Fos,ENSMUSG00000021250,0,-3.62859995064102,-5.85197835674294,-5.72653598408664,-6.50253091307277,0,-1.86844724025099,-4.71371355858022,-4.57016494048242,-4.67215102368961,-7.24221125779751
Nfkbia,ENSMUSG00000021025,0,-2.48598930907191,-5.72498415912148,-5.34541546406705,-7.32537319111436,0,-1.66019502053416,-3.35142124169767,-5.3188176335555,-5.61049041086786,-7.42886789234045
Zfp36,ENSMUSG00000044786,0,-3.41059156098237,-4.8549055034493,-5.86151498993901,-5.98418553979003,0,-0.910108067179769,-2.34616957617101,-3.97892777918567,-3.76293864088708,-3.71074480453033
Egr1,ENSMUSG00000038418,0,-2.00263336089458,-3.59640599417338,-6.83665210617179,-7.16009700918384,0,-1.00260624903132,-2.60164508457217,-4.21606883918392,-5.07665756776274,-4.90818900030268
Ier3,ENSMUSG00000003541,0,-2.12101972891513,-4.48427067363604,-5.02181401053276,-6.64385618977472,0,-0.719311728106636,-1.49628429019999,-3.62333372650184,-5.6402307556665,-5.4624069784754
Btg2,ENSMUSG00000020423,0,-2.01256493938296,-3.48634338737545,-5.651247334092,-6.89293860299013,0,-1.21555346258834,-2.4068523088826,-4.72752582909539,-4.81154923633206,-5.34672076666973
Arc,ENSMUSG00000022602,0,-2.05068085830872,-3.61376289826917,-5.49787544024768,-6.4018976642922,0,-1.22963951389522,-2.80458075270188,-4.37180994675389,-5.63998100875681,-5.43444791631794
Tnfaip3,ENSMUSG00000019850,0,-2.14795355497801,-3.94218129869795,-5.13651069817182,-6.05772909943854,0,-0.662620907859682,-2.56888293619699,-5.21427061144076,-4.9139792379654,-6.09997598940342
Jun,ENSMUSG00000052684,0,-1.78775939821417,-2.71827900814995,-5.79150098013084,-6.89540576651892,0,-0.933034168966968,-2.21378729323458,-4.18805177991434,-5.02234705982275,-5.30930046638889
Ier2,ENSMUSG00000053560,0,-1.90007031751378,-3.14553551368955,-5.61021032776528,-6.3010337358955,0,-0.771350633170486,-2.60432750592491,-4.03698571712291,-4.43877986207341,-4.22304243391355
Rgs1,ENSMUSG00000026358,0,-3.25373271491405,-4.90689059560852,-4.30326913267659,-4.47276659871738,0,-2.2786351655684,-3.98761552157318,-5.5343840774788,-5.22063126665091,-5.77185100193434
Itpkc,ENSMUSG00000003752,0,-1.40392078022149,-2.04917266307057,-5.75845053385635,-6.70589014224662,0,-0.217968183256685,-1.10864117618525,-3.0264066295813,-4.64498299093937,-5.49961201485414
Sik1,ENSMUSG00000024042,0,-1.83114292792311,-2.89053066677141,-4.975826483121,-6.14095324928424,0,-0.82490478348296,-1.8229391204561,-3.05067514100597,-4.49704312479448,-4.58752164886953
Junb,ENSMUSG00000052837,0,-2.23761894998072,-3.48990605903626,-4.36253058422062,-5.37219566292017,0,-0.451807774419584,-2.03500643576321,-4.14750313486401,-4.04152239952936,-3.83523715467187
Klf10,ENSMUSG00000037465,0,-1.76255956988662,-2.8155503514695,-4.78640646279997,-5.94727110125095,0,-0.970775355000054,-2.4675247279983,-4.29358158705861,-5.61010810708845,-5.34458981566089
Pdgfb,ENSMUSG00000000489,0,-1.44793947520406,-3.28299915555359,-4.94736883037104,-5.52876245464595,0,-0.24562878640856,-0.561194119583534,-2.56933590539773,-3.20272772032843,-3.28296807225244
Nfil3,ENSMUSG00000056749,0,-1.54242851147737,-3.0079439644555,-4.86868080567794,-5.71006179880456,0,-0.911349268438697,-1.99262084979286,-4.2813070069331,-5.09073649864663,-5.85865251987615
Egr2,ENSMUSG00000037868,0,-1.96978585016799,-2.93055175448378,-4.30240959178305,-5.70310099277092,0,-1.12719437766132,-2.75816632790494,-3.1475898468062,-4.16272331402448,-4.1153652083701
Errfi1,ENSMUSG00000028967,0,-1.50481846993243,-2.02772781364421,-5.00435665058245,-6.31526995160095,0,-0.783547924843457,-1.77058652862366,-4.24264709739789,-5.8374388173439,-5.42160083271086
Pim1,ENSMUSG00000024014,0,-1.76744131743913,-2.53117642809114,-5.31708294381364,-5.0371161452078,0,-0.454855981723791,-0.840468667127391,-2.20479849503548,-3.98305204621754,-4.31911655940235
Ppp1r15a,ENSMUSG00000040435,0,-1.36184112722659,-2.01693905835692,-4.82966974180056,-6.40778462813088,0,-0.398855714336618,-0.895580862600308,-2.18624348810548,-3.44040337391787,-3.82942687359777
Bcl3,ENSMUSG00000053175,0,-1.41930877808348,-2.41480279520756,-4.75299725210496,-5.94091543445579,0,-0.314560703338317,-1.19880265391583,-2.82659170946458,-3.58659796087052,-3.78720780993199
Atf3,ENSMUSG00000026628,0,-1.29148317478611,-1.73925860522519,-4.60743632175465,-6.41453935268687,0,-0.312030258770852,-0.897066983036602,-2.54102581298344,-4.5007145530175,-5.10103377304973
Ch25h,ENSMUSG00000050370,0,-2.17981560118737,-2.80792924333943,-4.01572567040145,-4.76653021013379,0,-1.50742811265701,-1.85094463238624,-2.52064002421077,-2.87992892435491,-3.92447309050333
Slc25a25,ENSMUSG00000026819,0,-1.65152953440854,-2.44173929389389,-4.3148734255818,-5.27779515803825,0,-0.629483451994604,-1.33812716749031,-2.55350906173845,-3.57532969861291,-3.92353829821948
Nr4a1,ENSMUSG00000023034,0,-1.1212253799811,-1.78744213873516,-4.80055540862264,-5.92461612916645,0,-0.351043416440747,-1.23312078011568,-2.45592609822154,-3.91787586426251,-4.33132873466171
Klf5,ENSMUSG00000005148,0,-1.68581737632824,-2.18156214822602,-3.81458260328446,-5.16992500144231,0,-0.76513426362597,-2.04601796268083,-3.38820357833364,-5.27051900204882,-5.27051900204882
Zswim4,ENSMUSG00000035671,0,-1.49018988064611,-1.85189236405234,-3.95849419953165,-5.53358980687813,0,-0.285872261823357,-0.564577823503308,-1.85711396845754,-3.14265140956079,-3.9638233992385
Cebpb,ENSMUSG00000056501,0,-1.13673142082479,-1.46885842107717,-4.69211177512896,-5.50123503203313,0,-0.172003531329813,-0.786778821970867,-2.72347119431082,-5.10004941584646,-5.28523206640518
Ccl7,ENSMUSG00000035373,0,-1.85106936868539,-2.08942675649952,-4.1267569827902,-4.55006591460598,0,-0.652717215267874,-0.92028129555381,-1.82703441864835,-2.60478952607932,-3.24974208948442
Irf1,ENSMUSG00000018899,0,-1.3111502326637,-1.75468014472424,-4.43775325371205,-5.04465359817509,0,-0.775852184837147,-1.54579404483469,-3.14352806563746,-4.17673676818362,-4.24902760954331
Dusp8,ENSMUSG00000037887,0,-2.18833813952625,-2.6784078480835,-3.82351385447341,-3.62538228279762,0,-0.851733734024111,-1.56856229022715,-3.52075872660203,-3.46597133146428,-3.87942420186348
Frat2,ENSMUSG00000047604,0,-3.28742749777111,-2.65160384850182,-2.87899187536309,-3.47276659871738,0,-0.364321852391816,-1.1323399504219,-2.04955368600147,-2.52799385440447,-3.18018635708133
Stk17b,ENSMUSG00000026094,0,-0.947063927731512,-1.02949064574385,-4.49563667776252,-5.67886754547975,0,-0.905879615062696,-1.25458601998542,-2.92153039398615,-5.07796013680601,-5.59983013713029
Tnfsf9,ENSMUSG00000035678,0,-1.55375905775892,-2.18156214822602,-4.14202628119688,-4.13200122236741,0,-1.08999519327258,-1.33706022569585,-2.16640608448273,-3.0692604552732,-3.92546538171201
Ccl3,ENSMUSG00000000982,0,-2.52085251902243,-2.26779472327411,-3.27237893399306,-3.92222955459463,0,-1.06146915787256,-1.64317800858187,-1.75208081259071,-2.21703922942683,-2.2964271118975
Cxcl1,ENSMUSG00000029380,0,-2.01096530750239,-3.32739270821245,-2.73212044309248,-3.6533388443592,0,-1.01271068535708,-1.27528992943331,-1.60774187171605,-1.44897295687241,-1.90267071769776
Rab20,ENSMUSG00000031504,0,-1.16680448573039,-1.7593919627859,-4.2296201025633,-4.54703872164626,0,-1.09153023763439,-1.49909186327793,-2.74031393753402,-3.57618523620772,-4.88982264758494
Slfn2,ENSMUSG00000072620,0,-1.03873148160057,-1.54797592817807,-3.62168285270095,-5.08397188889857,0,-0.503500848893896,-0.766085258791013,-3.40092623829016,-2.88886438742041,-3.83791684930429
Zbtb10,ENSMUSG00000069114,0,-1.67037979276968,-1.37596290280615,-3.36701724044548,-4.85963961452528,0,-1.02521900308027,-1.18903522810015,-2.50697531130306,-3.05816945713094,-3.52279007115848
Trim47,ENSMUSG00000020773,0,-0.547045541275864,-1.04575306329883,-4.23324756727565,-5.42521824760182,0,-0.123006640017321,-0.388584259785111,-1.66218067689964,-3.53454252046624,-4.21284935232761
Egr3,ENSMUSG00000033730,0,-1.80047876206947,-1.98269046388392,-3.56128196615097,-3.89267323666369,0,-0.909451440054467,-2.33868326234723,-2.23086414598381,-2.56139613446241,-2.79996482817829
Nfatc1,ENSMUSG00000033016,0,-1.09058870902251,-1.05226326283359,-3.28372892778418,-5.60169321402921,0,-0.286043639168263,-0.800524742862305,-2.10725150514291,-3.09746633637624,-3.71250172592162
Nfkbiz,ENSMUSG00000035356,0,-2.21922242800721,-2.62146377176474,-2.53190922380445,-3.42998021892082,0,-1.61522123557224,-2.16536624463189,-2.16677173181767,-2.24754432226677,-2.73589077620657
Rab11fip1,ENSMUSG00000031488,0,-0.861479490221035,-0.91098446678819,-4.30270008352562,-4.51443792274099,0,-0.614915597114552,-0.790360744462211,-2.36921809733623,-3.32469153265494,-5.07005971619143
4930523C07Rik,ENSMUSG00000090394,0,-0.932016795412912,-1.24375444111764,-3.79680915379566,-4.60593241069982,0,-0.46963581018421,-0.802414338568154,-1.85542952471152,-3.17195604474136,-3.6044771237843
Rrad,ENSMUSG00000031880,0,-1.32653616901965,-1.580582164305,-3.84099470867155,-3.82612478063925,0,-0.824612330803292,-0.945083415461505,-1.82419956521672,-3.03523695643683,-3.9457654437996
Mir17hg,ENSMUSG00000089726,0,-1.98087548930304,-2.60735598802303,-2.67651492007795,-3.06127347569493,0,-2.19630276647457,-2.9437234243781,-3.32328447180206,-4.40823873302669,-4.86193649385203
Micall2,ENSMUSG00000036718,0,-0.968715612496389,-1.18973570878001,-3.54362476075501,-4.59077868558877,0,-0.198008943753841,-0.289479540148601,-1.5945314679438,-3.35757485564685,-3.72856611029972
Gadd45b,ENSMUSG00000015312,0,-1.00571964041466,-1.71647668150424,-3.18902992877293,-4.34604137322858,0,-0.990953296878484,-1.66728363725912,-2.58509032079018,-3.62933947892924,-4.15499219188345
Birc3,ENSMUSG00000032000,0,-1.08746764266649,-1.55858314786228,-3.29994858025513,-4.20552663757938,0,-0.740432428810559,-0.970747114563852,-1.82195930413683,-3.41291588772131,-3.94653157941927
Zc3h12a,ENSMUSG00000042677,0,-1.82602546009065,-2.14679343391493,-2.79816125681719,-3.16599827339275,0,-0.84543943337038,-0.758660612186044,-1.52429592115778,-1.91153015609453,-1.70916438287396
Arid5a,ENSMUSG00000037447,0,-0.971711728438506,-1.12729544430353,-3.64497574592596,-4.11076983353383,0,-0.774872265274635,-1.46582118124915,-2.37708983105299,-3.56417305820522,-4.77651536534293
Rasl12,ENSMUSG00000041696,0,-1.19927745423268,-2.09165863683892,-2.83738943939533,-3.6920476688318,0,0,-1.15719620262452,-0.808886422043786,-0.885849354213488,-2.28972460952566
Ptger2,ENSMUSG00000037759,0,-1.62394218439314,-1.78423375010711,-3.09681825520916,-3.26631572124995,0,-1.56178081553126,-0.605600872327607,-2.21147884021377,-3.1340985715449,-1.89072730851857
Rel,ENSMUSG00000020275,0,-1.06740907876182,-1.71224629067058,-3.21579925505588,-3.71885063711813,0,-0.864454713864326,-1.35614335659588,-2.17036187368571,-2.85472837838482,-2.71046929532324
Zbtb46,ENSMUSG00000027583,0,-1.49953135216886,-1.62226606437137,-2.80321203836685,-3.64023113857267,0,-0.385141267130274,-0.19083049756509,-1.0195269427226,-1.81803294787104,-1.91768702795857
Cd274,ENSMUSG00000016496,0,-1.32699663300756,-1.21268414819488,-3.71830663195543,-3.28400431581246,0,-0.743064491739712,-0.78968113652783,-1.01967509561935,-1.91086408819422,-2.4235081619119
Ripk2,ENSMUSG00000041135,0,-0.993849635712039,-1.1171941633332,-2.66781703862873,-4.75083665333502,0,-0.571259060745819,-0.504561876463377,-0.74926499225521,-2.10615640158687,-2.60857223976508
Rffl,ENSMUSG00000020696,0,-1.44109274228344,-1.41049114714356,-2.6804140060678,-3.81288489345144,0,-0.203106926453697,-0.63098126988671,-1.38121929792638,-1.84158251469701,-2.69479950944067
Creb5,ENSMUSG00000053007,0,-1.19563765303489,-1.44779677108425,-3.00274577866816,-3.58210563899637,0,-1.06979239121017,-1.33590161826592,-2.71344411821275,-3.00511689552511,-3.96576878188198
Ccl2,ENSMUSG00000035385,0,-1.02803775369922,-1.5603837903925,-2.81832476820655,-3.76900053922299,0,-0.506766651000342,-0.519379452247266,-1.61336085656631,-2.50483420190335,-2.83111474656735
Fgf7,ENSMUSG00000027208,0,-0.528263874517434,-0.645806682679472,-3.36338874013255,-4.59565417723077,0,-0.623466160947713,-0.891265389050314,-2.11593455217421,-3.59563001845946,-4.40744585561122
Hivep3,ENSMUSG00000028634,0,-0.910884980070517,-1.04936305241546,-2.61902337480222,-4.29717701385257,0,-0.301809255263632,-0.361425513573115,-1.33947960465372,-2.10056963351852,-2.15193346783728
Bahcc1,ENSMUSG00000039741,0,-1.14526401344178,-1.04891791034917,-2.83684554177985,-3.83121236708807,0,-0.351220270273185,-0.591150936092692,-1.36155148263938,-2.00792972155343,-2.20340578350341
Zc3h12c,ENSMUSG00000035164,0,-1.07859009424496,-1.07338572793371,-2.32686286410744,-4.3560953718452,0,-1.05222579130119,-1.23222415680231,-1.55025309389386,-2.17946695657003,-2.60003365699696
Tnip1,ENSMUSG00000020400,0,-0.918033528032645,-1.05876752022737,-2.47020473063943,-4.34452675253434,0,-0.191830895345811,-0.305926736018064,-0.943331073922641,-1.67291814662454,-2.80536779246747
Ifrd1,ENSMUSG00000001627,0,-0.812144373167951,-0.965553155868637,-2.37496855935208,-4.3980918046464,0,-0.505592150501972,-0.700911416770918,-1.6157832613798,-2.73080573031686,-4.32643711966123
Tjp2,ENSMUSG00000024812,0,-0.863329907749621,-0.864291220696202,-2.07754773370872,-4.66796946811595,0,-0.334128135933911,-0.537537249265963,-0.837610153077351,-2.20386589210597,-3.13802731678735
Bdkrb2,ENSMUSG00000021070,0,-2.18789182422019,-0.647769405918921,-2.8073549220576,-2.8073549220576,0,0,-0.530631520747481,-2.28972460952566,-2.28972460952566,-1.53804185689035
Tnfsf11,ENSMUSG00000022015,0,-1.29705563322449,-1.33266673634272,-2.07839753889913,-3.70043971814109,0,-1.23152388615177,-1.39021364214105,-1.43779069148458,-2.96533924353297,-3.92599112988983
Angptl4,ENSMUSG00000002289,0,-1.0365823463144,-0.859847193742736,-2.24914344194164,-4.07037306778554,0,0,-0.32694735000493,-1.00524251219197,-1.94098988849096,-2.53649449641275
Egln3,ENSMUSG00000035105,0,-1.41744362258315,-1.02950383866283,-2.21977823157115,-3.40300909928837,0,-0.158886875347854,-0.170019059240333,-0.547384699732223,-1.74257395001376,-1.98861776235846
Cxcl2,ENSMUSG00000058427,0,-2.8073549220576,-1.1840878935033,-2.20373345912567,-1.7694311429827,0,-0.343021628251375,-0.939608284344007,-0.68050957689451,-1.03237181153058,-0.990451103279394
Stx11,ENSMUSG00000039232,0,-0.902193132532685,-0.517117380980011,-2.58516637502395,-3.95333620234479,0,-0.164107625620382,-0.342401853212793,-0.935432622930604,-2.38111578345063,-3.66676052782355
Relb,ENSMUSG00000002983,0,-1.1076010258949,-0.967031841499508,-2.4791318105596,-3.26577803663037,0,-0.221203661115843,-0.330824315488466,-1.10143808515588,-2.40268042009195,-2.73886103088529
Dot1l,ENSMUSG00000061589,0,-0.946384308441063,-1.11376310261897,-2.18498504809682,-3.5702502239101,0,-0.141640291931484,-0.583052994503335,-1.30430188670809,-1.90095421949127,-2.13794628351021
Nxph3,ENSMUSG00000046719,0,-1.30345555622647,-1.53589805681315,-2.02600671837215,-2.93002894241667,0,0,0,0,-1.42336491224862,0
B4galt5,ENSMUSG00000017929,0,-1.08574587600249,-1.1695705146218,-2.29064109613649,-3.23255381637977,0,-0.340565889959883,-0.532674982758232,-0.94486178553522,-1.45864871682233,-1.88826655989368
Gdf15,ENSMUSG00000038508,0,-1.11969976162351,-1.08379403196601,-3,-2.56587600310886,0,0,0,-1.70642679846446,-1.22517127448341,-1.87736377716027
Nfkb1,ENSMUSG00000028163,0,-0.949280699142394,-0.775384706774432,-2.25314106124928,-3.78166701857914,0,-0.253606776670575,-0.50031232615947,-0.911775134039978,-1.9097552600462,-2.78405222982991
St3gal1,ENSMUSG00000013846,0,-0.998235554301802,-0.939674905977357,-2.23643885931457,-3.55901445476385,0,-0.433386791079451,-0.540520681497524,-0.929856215163646,-1.8128820457994,-2.3049596039057
Gch1,ENSMUSG00000037580,0,-1.06058938219707,-0.625759989210017,-2.65423713745698,-3.3560953718452,0,0,-0.973788323685425,0,-0.333619994499919,-1.0334802589019
Ccdc88c,ENSMUSG00000021182,0,-1.61655281913603,-1.08379403196601,-1.97210127975457,-3,0,-0.392023107268653,-0.390423708277486,-1.00431731144276,-1.78695008120728,-2.12754276741102
Il1r1,ENSMUSG00000026072,0,-0.846070909854216,-0.80544274072377,-2.16003863725804,-3.79474654521464,0,-0.521476924765173,-0.65456623520793,-1.17908109531776,-2.16032257870739,-2.55254805045907
Serpina3g,ENSMUSG00000041481,0,-0.921790504171747,-0.81187180843836,-2.01264284272458,-3.7255458946348,0,-0.580788496151197,-0.048598141465698,-1.130305803246,-2.11169064864641,-2.80187257955546
Fosb,ENSMUSG00000003545,0,-1.45136064182649,-1.37607288744927,-1.91012724228336,-2.65311583343209,0,-0.641941774287869,-1.39346027395827,-1.28564115759484,-1.03969933877553,-2.41317891680768
Kcnn3,ENSMUSG00000000794,0,-0.674212678510547,-1.09909998803405,-2.24041580527127,-3.32007889144484,0,-1.44635654126683,-0.511912405865076,-1.43568801222119,-1.01286803122003,-1.17344613993799
Kcnq5,ENSMUSG00000028033,0,-0.860415625864095,-0.916601273426144,-2.2526583231472,-3.21021591172135,0,-0.637429806870753,-0.214110458040906,-0.978634533873743,-2.22062642180705,-2.34286414947643
Csf1,ENSMUSG00000014599,0,-0.987201088539713,-1.01694645085965,-2.16793384381695,-3.05379110358487,0,-0.351608552048262,-0.434444341716064,-0.990489652530833,-1.81109823966778,-2.1363696878402
Tnfaip2,ENSMUSG00000021281,0,-0.920706293428029,-1.0123857183053,-2.11537048093644,-3.16176419063668,0,-0.310466050280786,-0.412964120211576,-0.922514210275976,-1.53279111854402,-2.37210261081219
Fpr1,ENSMUSG00000045551,0,-1.96549940288374,-0.66875653268717,-1.98134103778922,-2.58496250072116,0,-1.05672877378194,-0.10054883057829,-1.70642679846446,-1.76268683251854,-2.62904652979558
Pilra,ENSMUSG00000046245,0,-1.65771125881269,-0.79764664891604,-1.86524225491823,-2.86896681653362,0,-0.571597975741047,-0.800631530277145,-1.39163980077173,-0.753291944772762,-1.64001855880777
Rhof,ENSMUSG00000029449,0,-0.675153113044604,-0.555920110070733,-2.11063931827477,-3.59232758342342,0,-0.533189469252876,-1.23462890790346,-1.62654218871619,-3.15409074076457,-4.97246822223716
Ptges,ENSMUSG00000050737,0,-1.15935809406077,-1.04797334330848,-1.88308807565053,-2.64903118420473,0,-0.443934380160989,-0.228985153615827,-0.710527305957342,-0.971010303096324,-1.40754214956401
Adarb1,ENSMUSG00000020262,0,-1.10424365246775,-0.706985729199404,-1.53133839934549,-3.39268570384353,0,-0.172003531329813,-0.234090847899261,-0.592445346316314,-1.46918417155549,-1.62386636311245
Oasl1,ENSMUSG00000041827,0,-0.616552819136033,-2,-2,-2,0,0,0,0,0,0
Rnd1,ENSMUSG00000054855,0,-0.739845835595379,-0.488583289203485,-2.64465760184215,-2.73434658829584,0,-0.444804628205364,-0.579748506874187,-1.95729100682102,-2.71729725822697,-2.12524829837756
Tnfrsf11b,ENSMUSG00000063727,0,-1.23639912955374,-1.20200349228839,-1.59062224029218,-2.55912830120566,0,-0.469092581525862,-0.335068586246047,-0.566831006908448,-0.899085843609715,-1.307109136846
Exoc3l4,ENSMUSG00000021280,0,-0.276603736554329,-0.436300051109916,-2.41778327794701,-3.4215078395624,0,-0.458902671958046,-0.0135841994129038,-0.521343615748271,-1.15087085174717,-1.4573804210454
Ifih1,ENSMUSG00000026896,0,-0.80423702387756,-0.823418196226298,-1.3878887918606,-3.45075333970895,0,-0.0261742283501727,-0.248973083243015,-1.01116087919434,-1.48683362620964,-2.84115146124784
Plekhh1,ENSMUSG00000060716,0,-1.05604753372069,-1.29984610249861,-1.83738943939533,-2.19377820693314,0,-0.653887840838263,-1.33145607930043,-1.22363696293701,-1.67739337753772,-2.04510328683243
Nfkb2,ENSMUSG00000025225,0,-0.729846224812162,-0.601492363919641,-1.77805198210921,-3.12519252718802,0,-0.200482967385238,-0.136738898065754,-0.603401924012356,-1.31688571255796,-1.94818021002315
Rasgef1a,ENSMUSG00000030134,0,-1.35347058360074,-0.923628369776861,-1.74312028913678,-2.191409244721,0,-0.76513426362597,-0.635430525624423,-1.83075006904599,-1.01447039289326,-0.843404427951077
Hivep1,ENSMUSG00000021366,0,-0.832149633655664,-0.5963693465895,-1.5960387338085,-3.10637371941195,0,-0.64353562816301,-0.723388502514842,-1.06103222371548,-1.87348531996479,-2.69084052335394
Mnda,ENSMUSG00000026536,0,-0.798504832796836,-0.596599647504866,-1.54331416003087,-3.15083850383002,0,-0.469680581821371,-0.114206864437221,-1.0798835491825,-1.33634694080878,-1.42068281565034
Cgn,ENSMUSG00000068876,0,-0.68581737632824,-0.492897153804513,-1.95683198134789,-2.90427158973816,0,-0.564959394635232,-0.106491828157408,-0.104745725316731,-0.779283899766712,-1.23298166059205
Nfkbie,ENSMUSG00000023947,0,-0.539024080551278,-0.196875318281988,-1.71098263196828,-3.52580733281267,0,-0.289561854697394,-0.228012453823107,-1.2694448574687,-2.28794555642913,-3.56892125431694
Nr4a3,ENSMUSG00000028341,0,-1.18157841580455,-0.596599647504866,-1.54331416003087,-2.54703872164626,0,-0.450078745948949,-1.45550303686183,-1.36450417121883,-1.75695831710156,-3.07059572847879
Egr4,ENSMUSG00000071341,0,-0.965499402883742,-1.58496250072116,-1.58496250072116,-1.58496250072116,0,0,0,0,0,0
Mt2,ENSMUSG00000031762,0,-1.00721821833321,-0.761212910916376,-1.44388714499948,-2.50468411939142,0,-0.446328283195262,-0.281845494278656,-0.535131456636549,-0.795790429365237,-1.25146843720211
Gbp2,ENSMUSG00000028270,0,-0.900063093636556,-0.844987857061655,-1.4791156366612,-2.4695952151031,0,-0.2702401491152,-0.275806923453896,-0.556858645394078,-0.864249553801882,-1.29218146956501
Slco3a1,ENSMUSG00000025790,0,-0.879925384294049,-0.513202953980181,-1.80027197864716,-2.46281488368992,0,-0.346197783306021,-0.432609858727826,-0.867183475814311,-1.33450599404993,-1.82057551889256
Fas,ENSMUSG00000024778,0,-0.78554959093082,-0.2275222754181,-1.40809082555984,-3.1028879309345,0,-0.465481460704473,-0.199366512244303,-0.919592109910275,-1.93551260033416,-2.28182834997214
Cxcl3,ENSMUSG00000029379,0,-1.38053690216259,-0.744713252893306,-1.39637853706807,-2,0,-1.84522310764805,-0.086130018869869,-1.84522310764805,-0.441347852335876,-1.84522310764805
Gjb2,ENSMUSG00000046352,0,-1.16750458611358,-0.814108849707138,-1.09197841687032,-2.26733022103503,0,0,-0.286869904137027,-0.865969207321998,-0.787825529491976,-0.243601713981057
Tmem132e,ENSMUSG00000020701,0,-1.80627373794282,-0.909759821005576,-0.954624394330491,-1.66964753035865,0,-0.179781587768574,-0.804324481658256,-1.136776423941,-1.92894692556338,-1.72341383312451
Grem2,ENSMUSG00000050069,0,-0.977326285515163,-0.73880084199153,-1.30723552121938,-2.25558320303409,0,-0.431739998067132,-0.135988229748596,-0.673797725881036,-1.07508155422448,-1.52775907674748
Slco5a1,ENSMUSG00000025938,0,-1.5335161448364,-0.961695472166853,-1.2296201025633,-1.54703872164626,0,-1.62512806232357,-0.904262366329147,-1.47828011506625,-2.13727811140688,-1.5806553151416
Icam1,ENSMUSG00000037405,0,-0.819508146807381,-0.680079942540193,-1.41898015988125,-2.34741078562827,0,-0.259891369800631,-0.442547493389209,-0.611716677605575,-0.974773307337205,-0.975764157668138
Jak2,ENSMUSG00000024789,0,-0.59020581694941,-0.2541419811444,-1.32732197994143,-2.99200074058074,0,-0.374979034761829,-0.441494497426211,-0.957134964455284,-1.94643488934216,-2.82155309571322
Ikbke,ENSMUSG00000042349,0,-0.692657867088,-0.485668679896273,-1.45074409126715,-2.51146373475734,0,-0.58584228590834,-0.524667128072348,-1.00694547621875,-1.61030078635453,-2.13770995881387
Nptx1,ENSMUSG00000025582,0,-1.09627368246195,-0.780934884448992,-1.24363196837341,-1.90589786856225,0,0,0,0,0,-0.360024074903183
Cxcl10,ENSMUSG00000034855,0,-1.15419704136313,0,-1.45201252389975,-2.37323092516647,0,-1.20085700065934,-0.801540501947614,-0.693721385584187,-0.37067351384135,-1.26282206777867
Gsap,ENSMUSG00000039934,0,-0.775675065822649,-0.361009633264913,-1.00353124766596,-2.65385772766163,0,-0.574497901682243,-0.392077042685192,-0.814552963229031,-1.41152844539694,-1.58650227847282
Osmr,ENSMUSG00000022146,0,-0.744952225941235,-0.560716766379866,-1.13965944754676,-2.32690780330148,0,-0.511120935711315,-0.512977214874043,-0.84800645313209,-1.35232075700375,-1.74045544219396
Il34,ENSMUSG00000031750,0,-0.920745664646483,-0.620253203810591,-1.32287796546325,-1.90427158973816,0,-0.610425024510867,-0.635475040739159,-1.65065123000165,-3.81364437895278,-1.84129419194312
F2rl1,ENSMUSG00000021678,0,-1.2124592124899,-0.567868035689513,-1.28818068375157,-1.67484955914467,0,-0.448311055436334,-0.34403424905297,-0.308169566124596,-0.605062018669891,-1.00346138239365
Glrx,ENSMUSG00000021591,0,-0.744398074985496,-0.846191521831612,-1.24288174974701,-1.90043220396021,0,-0.265294393960381,-0.268428486087913,-0.349292305525319,-0.869394477077385,-1.17576106698402
Ifi203,ENSMUSG00000039997,0,-0.335783163925327,-1.82489236768327,-0.73791546474209,-1.81757855091566,0,-0.0599073528859142,-2.62904652979558,-1.70642679846446,-1.76268683251854,-0.727929618842737
Sdc4,ENSMUSG00000017009,0,-0.902111739355581,-0.77927195081274,-1.2823881094366,-1.71470924841671,0,-0.364900923943546,-0.362112622735738,-0.46219617479985,-0.647964498789545,-0.82784797466026
Slc7a2,ENSMUSG00000031596,0,-0.711639693986857,-0.489310370550138,-1.13877015687861,-2.31613052514168,0,-0.485499210498372,-0.394272455094352,-0.558740089184941,-0.952549158382103,-1.37664339091002
Rab15,ENSMUSG00000021062,0,-1.10833775862124,-0.638966514442353,-1.36813344556181,-1.53241280939297,0,0,0,0,-0.141660194138436,-0.050595716546054
Vcam1,ENSMUSG00000027962,0,-0.95172162263802,-0.642603793707748,-1.05220859661311,-1.74461459376852,0,-0.507239781186037,-0.336203275815317,-0.51949277721827,-0.779507019949001,-1.23259241692792
Sod2,ENSMUSG00000006818,0,-0.932420800504273,-0.667072228596837,-1.06837520386399,-1.59032819726768,0,-0.474513167839939,-0.475104236139721,-0.334134286338678,-0.727213025283799,-0.926698936011434
Il1rl1,ENSMUSG00000026069,0,-1.04374274530096,-0.514110989195125,-0.875892933540129,-1.57307544170073,0,-0.465471618262161,-0.177325059139267,-0.442715010448406,-0.705120284312411,-1.15251460618828
Tmem158,ENSMUSG00000054871,0,-0.644005719768891,-0.238529368313507,-1.18559040863683,-1.84576091137448,0,0,0,-0.734001104780558,0,0
Cx3cl1,ENSMUSG00000031778,0,-0.842140830760605,-0.551297461688244,-0.900220106876811,-1.34467553089046,0,-0.139868708646791,-0.105440409325972,-0.190370023370201,-0.297013348003988,-0.455710759490804
Il1rap,ENSMUSG00000022514,0,-0.373714585204298,-0.206400173267855,-0.596689597048457,-2.29847982513948,0,-0.494649254061748,-0.44088403278962,-0.551804614007409,-0.954372981609843,-1.70836744842354
Irg1,ENSMUSG00000022126,0,-0.137640236280164,-1.1840878935033,-0.765706581367313,-1.34506644169552,0,-0.34944124490708,0,-1.85198399339367,-0.978007509097361,-1.72341383312451
Gm16685,ENSMUSG00000097804,0,-0.380536902162586,-1,-1,-1,0,-0.564959394635232,-1.37500548276672,-0.68050957689451,-1.73022331623273,-3.1340985715449
Acpp,ENSMUSG00000032561,0,-1.57913138026081,-0.603012252671685,-0.323093932386763,-0.658576549529344,0,-0.535136698040802,-0.166609614789548,-0.176599049633658,-0.448923048963115,-0.635459789961749
Atp2b4,ENSMUSG00000026463,0,-0.50732484921557,-0.358779983161631,-0.652777492974395,-1.62133974547971,0,-0.331057774047414,-0.0798155275677672,-0.31538350053072,-0.581407903324026,-1.00738988190297
Ngef,ENSMUSG00000026259,0,0,-0.376732971445697,-2,-0.734346588295844,0,-0.643279688665379,-1.49651812289444,-0.175457535145192,-1.76268683251854,0
Timp1,ENSMUSG00000001131,0,-0.84084335249716,-0.549903527457563,-0.631621624288886,-1.04397617995838,0,-0.17567575562029,0,-0.189250877708734,-0.286537269244642,-0.416654867044823
Pcdh10,ENSMUSG00000049100,0,-0.675891421882406,-0.167549734183623,-0.739727635607975,-1.44821402445971,0,-0.298949685220892,-0.00288545523157069,-0.10926191975776,-0.67250409985218,-0.607280098607401
Flt1,ENSMUSG00000029648,0,-0.594644473381719,-0.340128559797052,-0.729998332429569,-1.35546364903049,0,-0.496123701284539,-0.389824519278344,-0.397122542855854,-0.82468364861422,-1.23621536460966
Arg2,ENSMUSG00000021125,0,0,-1,-1,-1,0,-1.29919776285555,-1.15719620262452,-1.36710487819453,-0.495133611215899,-1.53804185689035
Ccl5,ENSMUSG00000035042,0,-0.911138133447713,-0.246789870504304,-0.305220021429928,-1.52383281648712,0,-0.277206197846574,-0.214863664446382,-0.408062068073368,-0.27616862001208,-0.384093071144286
Wnt11,ENSMUSG00000015957,0,-0.802536221215987,-0.45282661710663,-0.573438113060853,-1.02281837120853,0,0,0,0,0,0
Slco2a1,ENSMUSG00000032548,0,-0.497341491568506,-0.298295087488825,-0.713362795119258,-1.32398836917158,0,-0.318697352355297,-0.0956508039366195,0,-0.447216062997298,-0.414431882147192
Steap4,ENSMUSG00000012428,0,-0.494908965769832,-0.232750081349132,-0.515847676721021,-1.57920026412198,0,-0.0383742010246815,-0.11560277238598,-0.00316630954693764,-0.229851200182685,0
Rsad2,ENSMUSG00000020641,0,-1,0,-0.396378537068069,-1,0,0,0,0,0,0
Gda,ENSMUSG00000058624,0,-0.00190657107615078,0,-0.532408040640902,-1.61746110376426,0,-0.35038695732595,0,-0.23608085873084,-0.506357657666291,-1.08425629927428
Mir155hg,ENSMUSG00000097418,0,-0.965499402883742,0,0,-1.15083850383002,0,-0.76368300396588,-0.305215437488057,-2.41020244954442,-1.92894692556338,-2.08945091784922
Gm17024,ENSMUSG00000090582,0,-0.380536902162586,-0.239929866962112,-0.396378537068069,-1,0,-0.744669633826202,-2.9169726028904,-3.12688127846042,-4.04950100979154,-4.04950100979154
Itgal,ENSMUSG00000030830,0,-0.584784692404814,-0.0198672098305241,-0.570397254762962,-0.751004218909455,0,-0.0806312890211283,0,0,0,-0.223293974117269
Rbfox1,ENSMUSG00000008658,0,0,0,-0.280279754197071,-1.55454414508187,0,-2.6870749439234,-0.214863664446382,-0.943892794926056,-0.816225763604988,-0.318392734111497
Fpr2,ENSMUSG00000052270,0,0,0,-0.396378537068069,-1,0,-0.208936669181178,0,0,-0.333103818574245,-0.447780763215975
Gm8773,ENSMUSG00000073234,0,0,0,-0.152952964020934,-1.23261605019451,0,-0.641941774287869,-0.17851318779615,-0.774648145931574,-0.628924990005368,-1.97541350099433
Mmp3,ENSMUSG00000043613,0,-0.192947241832701,-0.138985600816443,-0.19404576897243,-0.82690705997318,0,-0.373797160186244,0,-0.224461879087176,-0.294494177977661,-0.0530668353580701
Lcn2,ENSMUSG00000026822,0,-0.380536902162586,-0.239929866962112,0,-0.565876003108862,0,0,0,0,0,0
Slc6a12,ENSMUSG00000030109,0,0,0,-0.396378537068069,-0.565876003108862,0,-0.142156991600965,-0.379512017897938,-0.616369204705651,-1.17454727232498,-1.5806553151416
Mmp9,ENSMUSG00000017737,0,-0.182343720751458,0,-0.270052857197192,-0.479811345347478,0,-0.159701584309929,0,-0.00917709604252792,-0.064434861874151,-0.260329233994586
Slc39a4,ENSMUSG00000063354,0,0,-0.329675753614462,0,-0.319309089017,0,0,0,-0.808886422043786,0,0
Adtrp,ENSMUSG00000058022,0,-0.380536902162586,0,0,-0.232616050194505,0,-0.272905351634408,0,-0.922603376316922,-0.0506321093382867,-1.09354035501274
Il1a,ENSMUSG00000027399,0,0,0,0,0,0,0,-1.84522310764805,-0.364384920166174,-0.978863410371005,-0.235814759897013
Prokr2,ENSMUSG00000050558,0,0,0,0,0,0,-0.997102129626345,-0.352401330982018,-1.81827106480956,-2.32518940445163,-3.43663281320349
Ifnb1,ENSMUSG00000048806,0,0,0,0,0,0,0,0,0,0,0
U90926,ENSMUSG00000029409,0,0,0,0,0,0,-1.84522310764805,-0.712694700746907,-0.922603376316922,-1.84522310764805,-1.84522310764805
Mmp1b,ENSMUSG00000041620,0,0,0,0,0,0,-0.0886814749912208,-0.760538169483134,-0.220081300363634,-1.40093868931852,-2.01461305844467
Nos2,ENSMUSG00000020826,0,0,0,0,0,0,0,0,0,0,0
Ccl1,ENSMUSG00000020702,0,0,0,0,0,0,0,0,0,0,0
Csf3,ENSMUSG00000038067,0,0,0,0,0,0,-0.854696260977938,-0.712694700746907,-1.84522310764805,-1.84522310764805,-1.84522310764805
Kcnk10,ENSMUSG00000033854,0,0,0,0,0,0,0,-0.712694700746907,-0.364384920166174,-1.84522310764805,-1.09354035501274
