"","b1.LT.ctrl","b1.LI.ctrl","b1.TI.ctrl","b1.LT.ko","b1.LI.ko","b1.TI.ko","b2.LT.ctrl","b2.LI.ctrl","b2.TI.ctrl","b2.LT.ko","b2.LI.ko","b2.TI.ko"
"Egr4",-1.79214853477247,-1.24212585651069,0.550022678261775,-1.50720839912001,-0.999970969598177,0.507237429521836,-1.52313346853073,-0.278683912938453,1.24444955559228,-0.915516299710142,-0.359435720113477,0.556080579596665
"Fosb",-0.631445840515559,-0.38880916390364,0.242636676611919,-0.150820610382128,-0.357086398457523,-0.206265788075395,-0.346691724560722,-0.217387356768295,0.129304367792427,0.146726781646363,0.255896587216431,0.109169805570068
"ENSMUSG00000090582",-1.28499711237599,-1.17635145002183,0.108645662354154,0.0544743320183274,-0.266810237000129,-0.321284569018457,-0.907313784523687,-0.403302277972117,0.50401150655157,-0.635645323492715,-0.353543677301788,0.282101646190926
"Fos",-0.226182556563106,0.0382461925101966,0.264428749073303,-0.254587211964153,-0.32480316277273,-0.070215950808576,-0.0358808340483251,0.0101339840259339,0.0460148180742592,0.214716371206873,0.43030394903278,0.215587577825906
"Rgs1",0.789713140127918,1.5110349086012,0.721321768473278,0.938572791521725,1.3192523487586,0.380679557236874,0.633021400704586,0.691633427009765,0.0586120263051794,1.00481603477605,0.888206303650607,-0.116609731125446
"Atf3",-0.548888183634083,-0.224919175760196,0.323969007873887,-0.642555524495837,-0.430431981662404,0.212123542833433,-0.373247250285228,0.166248660087564,0.539495910372792,0.0806901151335969,0.22841429675801,0.147724181624413
"Egr1",-0.272199884588409,-0.0983346132160673,0.173865271372341,-0.125433521208104,-0.174929916879801,-0.0494963956716973,-0.126356519201352,-0.320876128092368,-0.194519608891016,-0.0528720564041083,0.0612648144592196,0.114136870863328
"Nr4a1",-0.345667889211982,-0.12428768517053,0.221380204041453,-0.113819540120297,-0.159767472712339,-0.0459479325920419,-0.328281141216145,-0.298501737763377,0.029779403452768,-0.125595365574406,-0.0611211835009918,0.064474182073414
"Zfp36",-0.480985818330584,-0.186719590136342,0.294266228194242,-0.346865316859008,-0.188807242945943,0.158058073913065,-0.400727488260625,-0.0525111810893145,0.34821630717131,0.119730899761815,0.524307267547701,0.404576367785886
"Egr2",-0.154612530547716,0.0839093039525939,0.23852183450031,-0.0691198462521851,-0.0509214062935372,0.0181984399586479,0.036559189513434,0.0774057968727302,0.0408466073592963,-0.0895034475131978,0.206746715713195,0.296250163226393
"Ppp1r15a",-0.374083023635041,-0.178530398496689,0.195552625138353,-0.200869182274148,-0.151856543827952,0.0490126384461962,-0.0887875724940194,0.145846073079666,0.234633645573685,-0.0608072429582799,0.236020376727991,0.296827619686271
"Frat2",0.040428839656658,-0.186024362100549,-0.226453201757207,-0.160314757079254,-0.113530790014999,0.0467839670642551,0.327564824189112,-0.165191727898154,-0.492756552087266,0.167740747712148,0.035847862122535,-0.131892885589613
"Egr3",-0.186938497420835,-0.0282545905146999,0.158683906906135,0.0910211986440918,-0.161421867663202,-0.252443066307293,0.0593237723269012,0.193245895979407,0.133922123652506,-0.464396683510406,-0.00902782676546304,0.455368856744943
"Dusp1",-0.287781145260885,0.0182631024140779,0.306044247674963,-0.144979865041243,-0.0448422756214952,0.100137589419748,-0.221442498068025,-0.0244879763592229,0.196954521708803,0.28551771066314,0.569644283141525,0.284126572478385
"Ier2",-0.448365827430479,-0.186906322557764,0.261459504872716,-0.422669953570169,-0.20953790389998,0.213132049670189,-0.333550487961174,0.0916975847266029,0.425248072687777,-0.163889763992677,0.0574602644960932,0.22135002848877
"Tnfsf9",1.00715238668994,2.16300009420899,1.15584770751905,0.773301157781335,0.975451247110637,0.202150089329302,1.17546725919142,1.94071066343055,0.76524340423913,1.88552974521187,2.50037082245897,0.614841077247098
"Btg2",-0.363245830283815,-0.16799314193453,0.195252688349285,-0.0815868981433053,-0.0485742684325769,0.0330126297107285,-0.0611579089168502,0.213548431073563,0.274706339990413,-0.241304832743148,-0.0497893543193727,0.191515478423775
"Arc",0.0700143171496586,0.407831229593741,0.337816912444082,-0.0133013303725868,-0.112064939376631,-0.0987636090040445,-0.561444674923216,-0.139953315529366,0.421491359393849,-0.221562090416882,0.0992893711861404,0.320851461603022
"Gdf15",0.299882991333895,0.392184311120897,0.0923013197870022,0.501043480737831,0.187143116025263,-0.313900364712568,-0.303804397921763,0.0619722949904142,0.365776692912177,0.608825488185923,0.941983449872804,0.33315796168688
"Jun",-0.401978409188267,-0.207921651781851,0.194056757406416,-0.279791978389597,-0.122060217263538,0.157731761126059,-0.227481831883343,-0.062579034126519,0.164902797756824,-0.21385260679866,-0.0409562614031947,0.172896345395465
"Ier3",-0.218744129797338,-0.137560004600798,0.0811841251965402,0.147906624722157,-0.0950301388562148,-0.242936763578371,0.0906080737017528,0.567591029725893,0.47698295602414,0.466036499388673,0.205501327554823,-0.26053517183385
"Junb",0.0182221494814131,0.270666101577817,0.252443952096404,-0.0703531963640824,0.000173551706294147,0.0705267480703767,0.00310586386425531,0.327907921134745,0.32480205727049,0.305907831018283,0.494798266409155,0.188890435390873
"Dusp8",-0.050396273848183,0.177557848482757,0.22795412233094,-0.0247775092189031,-0.0608171174113222,-0.036039608192419,-0.188133011097778,0.204431166408365,0.392564177506143,-0.213719159082645,-0.0226752269397202,0.191043932142925
"Cxcl1",0.029237125016601,-0.0752797224156713,-0.104516847432272,0.934621600815452,-0.227112285118183,-1.16173388593364,0.366182726576716,0.825809459860084,0.459626733283368,0.66003488135101,-0.122050256944509,-0.782085138295519
"Nfkbiz",0.603233346782679,0.0114871046189467,-0.591746242163732,0.640275133147618,-0.377880336804923,-1.01815546995254,0.863463353115887,0.25003882461176,-0.613424528504127,1.43035483571047,0.654843927809378,-0.77551090790109
"Cxcl2",1.18388321765509,2.35699260148852,1.17310938383343,1.36664922853178,1.23230324993593,-0.134345978595849,1.03445955123777,2.62965797482964,1.59519842359187,2.36399798722579,3.33893982647193,0.97494183924614
"Pcdh10",-0.823914472540937,-0.722421352410184,0.101493120130753,-0.664620542749709,-0.445888457563006,0.218732085186703,-0.805829375950937,0.0680110665024873,0.873840442453424,-0.367428545600997,-0.129125755674052,0.238302789926945
"Ifrd1",-0.143272468056542,0.00462334645287465,0.147895814509417,-0.291860382161422,-0.160877353447281,0.130983028714141,-0.176731661057197,0.120662911349052,0.297394572406249,-0.0446019510976543,0.228691611796939,0.273293562894593
"Zbtb10",0.0490415710052445,0.0125684367799219,-0.0364731342253226,-0.196390866655322,-0.118603673431915,0.0777871932234065,0.0415739486012557,0.0589825764231361,0.0174086278218803,-0.00741515452846248,0.0340852634329994,0.0415004179614619
"ENSMUSG00000089726",0.0486745284893618,0.103664927391755,0.054990398902393,-0.0707481776143647,0.031725826671395,0.10247400428576,-0.0741012576740828,0.0232209250482292,0.0973221827223121,0.277799364648227,0.275747413435886,-0.00205195121234086
"Slc25a25",0.0242934003594406,0.216255505058928,0.191962104699488,-0.105602916635658,-0.177734970261621,-0.0721320536259632,-0.136985713932011,0.315206017701606,0.452191731633617,0.0795485002151733,0.311295206282085,0.231746706066912
"Zswim4",0.410787331157439,0.647911513331473,0.237124182174034,-0.129339922891865,-0.151715788492767,-0.0223758656009015,0.181809174367838,0.367433981415292,0.185624807047454,0.299144761028446,0.546064856122615,0.246920095094169
"Stk17b",0.162668919839532,0.234641888789739,0.0719729689502069,-0.307746773603732,-0.0557834652528007,0.251963308350931,0.277898227513534,0.543601098244079,0.265702870730545,0.101342561423664,0.442220134152701,0.340877572729037
"Creb5",-0.034356731063826,0.0809151167016738,0.1152718477655,-0.145396623937412,-0.187641928898435,-0.0422453049610231,0.00257346431279224,0.0841898028459807,0.0816163385331885,0.049002108055648,0.0612999706527151,0.0122978625970675
"Hivep1",0.0459397547995746,0.157107733028282,0.111167978228707,-0.332074468660927,-0.202050264311565,0.130024204349362,0.109388212152767,0.361500910648664,0.252112698495897,0.224209079129904,0.517190544605755,0.292981465475851
"4930523C07Rik",-0.162436926494086,-0.0232730431052392,0.139163883388846,-0.265144267360145,0.181344387493422,0.446488654853567,-0.0289182426042863,0.178711150955039,0.207629393559326,0.114693405128822,0.258660433803759,0.143967028674937
"Itpkc",0.182221409855366,0.304845748747381,0.122624338892015,-0.140602765946842,-0.131756785928384,0.00884598001845748,0.14361947945827,0.492222370946764,0.348602891488494,-0.0308198895628036,0.207457081278426,0.23827697084123
"Arg2",0.236836172235577,1.150787693259,0.913951521023427,0.501611367366121,1.28771297267426,0.786101605308138,0.92733705950036,1.13928984273958,0.211952783239215,0.617316794544805,1.35734379464362,0.740027000098818
"Fgf7",0.169267505132557,-0.011718951723211,-0.180986456855768,0.10715749211552,-0.0699731995793196,-0.17713069169484,0.496048302924323,0.344823063126174,-0.151225239798149,0.0471294204222949,-0.0424058324061197,-0.0895352528284147
"Nfil3",-0.0317369928670959,0.0100094121574578,0.0417464050245538,0.00426226288293657,-0.0416853644200674,-0.045947627303004,-0.0541224302282795,-0.0848124772125552,-0.0306900469842756,0.134943633190239,0.158654939947687,0.0237113067574485
"Fas",0.329549619922846,0.536510814199637,0.206961194276791,-0.0919811775215163,-0.0286527904400379,0.0633283870814784,0.130351936186753,0.497534687991039,0.367182751804286,0.426692324849343,0.618562214630609,0.191869889781265
"Tnfrsf11b",-0.145608326518182,-0.0141371840641691,0.131471142454013,0.00470147830335587,0.0203645851034095,0.0156631068000535,0.127743795824152,0.313289536127654,0.185545740303503,0.125612845479384,0.250717007954017,0.125104162474632
"Arid5a",0.269926180973797,0.367556010284472,0.0976298293106753,-0.0653797632252826,-0.146028025345961,-0.0806482621206789,0.103819627914697,0.304059814443169,0.200240186528472,0.209525180853879,0.420027431627515,0.210502250773636
"Trib1",0.13228228790314,0.152610201536789,0.020327913633649,0.139504561658292,0.0299609807403907,-0.109543580917901,-0.0704920068290229,-0.11898903613332,-0.0484970293042977,0.167259004864718,0.103354372578035,-0.063904632286683
"Rasgef1a",0.0830304429975622,0.145235333454304,0.0622048904567418,-0.882748112352179,-0.13208963489274,0.75065847745944,-0.27918368765448,0.229133922244928,0.508317609899408,-0.144327032455506,0.360867938563223,0.505194971018729
"Klf10",0.373038522418374,0.519850209915594,0.14681168749722,-0.0899876376861198,-0.0583911088715191,0.0315965288146007,0.102021957799462,0.286271542906645,0.184249585107184,-0.1407312225755,0.180197464889631,0.32092868746513
"Irf1",0.679222085340455,1.09312231672585,0.413900231385393,-0.409389485797737,0.164055842369093,0.57344532816683,-0.276762087101038,1.01922200251836,1.2959840896194,0.0296897538826934,0.738741371293907,0.709051617411214
"Tnfaip3",0.597690839739973,1.18855497349352,0.590864133753551,-0.160561883674287,0.135024881689059,0.295586765363346,0.199858471996662,2.05609947055167,1.85624099855501,0.625669727322092,1.24997088474582,0.624301157423731
"Nr4a3",0.036363635509056,0.0978686041292297,0.0615049686201737,-0.0766285894545743,-0.233138007738174,-0.1565094182836,-0.0623406905254821,0.141184833988348,0.20352552451383,0.130107909185819,0.261140933526938,0.131033024341119
"Rel",0.73815916511882,0.760426924292103,0.0222677591732832,0.0729400591116675,-0.133705472557555,-0.206645531669222,0.438845168262591,0.602756913690979,0.163911745428388,0.606760770127175,0.8014045410773,0.194643770950125
"Klf5",0.396355018764241,0.130443209069897,-0.265911809694344,0.319172642359153,-0.130533732206216,-0.449706374565369,-0.112011843697297,-0.31362090456234,-0.201609060865043,0.28738338593639,-0.0866825139912151,-0.374065899927605
"Gadd45b",0.365783976498789,0.491793750504202,0.126009774005413,-0.0528897183535441,0.00651449175841197,0.0594042101119561,0.0136262596106371,0.659155857598396,0.645529597987758,0.476754874506411,0.564548278609699,0.087793404103288
"Pim1",0.813277512097337,1.0401388905713,0.226861378473966,0.0978265019665848,-0.0534201147353302,-0.151246616701915,0.23281585915903,0.701440661585753,0.468624802426723,0.890680689892067,1.06752762639008,0.176846936498009
"ENSMUSG00000097418",1.3421259502273,1.77737727570131,0.435251325474011,0.151393044048194,0.334487999582793,0.1830949555346,0.875720436031699,1.5284105719896,0.652690135957901,1.71162111848304,2.43078002104328,0.719158902560244
"Zc3h12c",0.727066817739097,0.700045949221729,-0.0270208685173675,-0.0123059963186376,0.0374989016355804,0.0498048979542181,0.677948456941121,0.753700040654559,0.0757515837134385,1.07772867569074,1.41811321503526,0.340384539344525
"Nfatc1",-0.0370626381092021,0.0211882390358417,0.0582508771450438,-0.339295410142635,-0.306354171743394,0.0329412383992403,-0.19326402714556,0.234135033221907,0.427399060367468,-0.0426366159406913,0.288943246839072,0.331579862779763
"Cxcl10",2.14999543871539,2.52101696718118,0.371021528465783,-0.383722146070861,0.47641775085006,0.860139896920921,0.562349344671219,2.16218138062609,1.59983203595488,0.765438167169248,1.66055708907872,0.895118921909471
"Zc3h12a",1.5467271401541,0.753858294229506,-0.792868845924594,1.01978239452868,-0.130387430907207,-1.15016982543588,1.34511888849588,0.998178018164056,-0.346940870331822,1.45696809498246,0.662608576936696,-0.794359518045762
"Rnd1",1.02399410417918,1.19633607060214,0.172341966422958,0.545098459357069,0.41610980120522,-0.128988658151849,1.20215975457768,2.09771397845151,0.895554223873828,0.827625704797593,0.766005963799216,-0.0616197409983775
"Stx11",0.404857043129308,0.648526339221299,0.243669296091991,-0.449834843030986,-0.130994179616964,0.318840663414023,0.275888055781673,1.10426639697371,0.828378341192034,0.427196948692615,0.8003871479837,0.373190199291085
"Bcl3",0.97202901854623,0.980903592838344,0.00887457429211419,0.432306785876936,0.106950514817462,-0.325356271059475,0.651331422096414,0.769700448873404,0.118369026776989,0.385546429704681,0.379155664245868,-0.00639076545881342
"Cgn",0.907847854931939,0.380580652674169,-0.527267202257769,-0.185435921480384,0.0344584716126778,0.219894393093062,0.314215447197243,0.759527001539959,0.445311554342716,0.388572298157118,0.520989894319138,0.13241759616202
"Pdgfb",1.33319707500296,1.71331458228462,0.380117507281659,-0.0395329354584487,-0.000817864802220188,0.0387150706562288,1.56413304061168,2.74734818166676,1.18321514105508,0.103997036229893,0.521348686618041,0.417351650388149
"ENSMUSG00000073234",0.292280779468646,0.438029863405125,0.145749083936479,-0.499589385148218,-0.0586004869326599,0.440988898215558,-0.0472009939175903,0.802030905196467,0.849231899114057,0.0604791532526244,0.588560867413129,0.528081714160505
"Csf1",0.732294845675763,0.811671659030965,0.0793768133552024,0.0173193991168851,0.0146100673820674,-0.0027093317348174,0.261542356974017,0.727130966509613,0.465588609535596,0.366337186372476,0.613995536050877,0.2476583496784
"Plekhh1",0.454338283529565,0.605346340648528,0.151008057118963,-0.159727042877573,0.101947915193583,0.261674958071156,0.00115876568301388,0.664119907943474,0.662961142260461,0.329705408936769,0.604996254192565,0.275290845255796
"Rrad",0.534235557288665,0.862992223229034,0.328756665940369,-0.184625424587974,0.0766919365411936,0.261317361129168,0.453138610527691,0.912059191302152,0.458920580774461,0.127434422700451,0.427830105541362,0.300395682840912
"Dot1l",0.0197780405933811,0.151626362055976,0.131848321462595,-0.0585344662965456,-0.0430747927052615,0.0154596735912842,-0.137098612811167,0.0811065912117602,0.218205204022928,0.033626879436967,0.230107812447127,0.19648093301016
"Ccdc88c",0.158600333272833,0.4149819258391,0.256381592566268,-0.0652399715809665,-0.0332433492282207,0.0319966223527457,0.404390749390262,0.617222544846962,0.2128317954567,-0.0858867527827845,0.0300689592698537,0.115955712052638
"Errfi1",0.106458823174465,0.321219274074603,0.214760450900138,-0.0850956013351482,-0.0628767921376581,0.0222188091974901,0.0717778022670096,0.36084933285509,0.28907153058808,0.111373588929779,0.352226905371282,0.240853316441504
"Sik1",0.488661590782051,0.673516797900084,0.184855207118033,-0.165977076656077,-0.0710174872755461,0.094959589380531,0.0326072781199739,0.240023222466895,0.207415944346921,0.00332522570482729,0.211205098464658,0.207879872759831
"Kcnk10",0.591724055407606,0.239268588643785,-0.352455466763821,0.171677574920697,0.0815610444175333,-0.0901165305031641,0.5487872234039,0.647981459974867,0.099194236570967,0.414558608622428,-0.0577525088709465,-0.472311117493375
"Ccl1",1.73549422280931,2.12091337845894,0.385419155649627,-0.329367518986516,0.589123402036546,0.918490921023062,0.789512217864621,3.00855247142429,2.21904025355966,0.328062670275485,0.877199528228875,0.549136857953391
"Zbtb46",0.187232998000014,0.38797620885841,0.200743210858396,-0.493552224900032,-0.0740890069145153,0.419463217985516,0.404039239838016,0.564881956845832,0.160842717007816,-0.140308590227998,0.771363527082062,0.91167211731006
"Ccl2",1.47366693398341,1.80652822191625,0.332861287932845,0.218505754388107,0.0770934985262275,-0.14141225586188,1.29388323228432,2.16678099033538,0.872897758051063,0.839428809312882,0.961524020053873,0.122095210740991
"Micall2",0.587276608671861,0.588224723953779,0.000948115281917688,0.135314174801625,-0.104454579949761,-0.239768754751385,0.509240264064479,0.616917853179323,0.107677589114845,0.208048358717405,0.198103185960441,-0.00994517275696369
"Slco5a1",-0.199262354706208,0.027046316199856,0.226308670906064,-0.390392834572122,-0.135452269727934,0.254940564844188,-0.388340150973555,0.239654588372434,0.627994739345988,0.0753802353129702,0.368139436256353,0.292759200943383
"Wnt11",0.48664597510276,0.507176795272452,0.0205308201696916,-0.311523233227452,-0.0528023355546061,0.258720897672846,0.408720660464873,0.745978361665841,0.337257701200969,-0.181779422396854,0.0282909027041321,0.210070325100986
"Tjp2",0.352682851222032,0.560111952491851,0.207429101269819,-0.190166073210992,0.0978979570572992,0.288064030268292,0.126128714548179,0.435881791858993,0.309753077310814,0.0229536416795923,0.506437136110291,0.483483494430698
"Ccl7",1.19778604986753,1.38628751643504,0.188501466567507,0.306476602551727,0.178229090797089,-0.128247511754638,0.923694021058982,1.43679054420998,0.513096523150999,1.0585523949485,1.05358282071639,-0.00496957423210937
"Birc3",0.792193375638045,1.05325452414048,0.261061148502432,-0.153421221142203,-0.00159306667642886,0.151828154465774,0.33010849738008,0.855193019787694,0.525084522407614,0.62364705540059,1.06691473691337,0.443267681512781
"Angptl4",0.587383883533718,0.679816101348703,0.0924322178149852,0.199471999022884,0.0392130462118612,-0.160258952811023,0.639534112273464,1.02569271185787,0.38615859958441,0.850592610371765,0.288630981220012,-0.561961629151753
"Bahcc1",0.148238058441634,0.278221225363256,0.129983166921622,0.0171520412012009,-0.065959371169798,-0.083111412370999,0.144030302745182,0.319148595015741,0.175118292270559,0.0893629365887352,0.245350479840974,0.155987543252239
"Bdkrb2",1.13330949626107,0.982274451436382,-0.151035044824687,0.0259018924409215,0.0774674834546795,0.051565591013758,1.03984646207482,1.23659404878431,0.196747586709492,0.360285054245039,0.862202401622891,0.501917347377852
"Icam1",1.34980822599994,1.79923154401472,0.449423318014774,0.10107013627651,0.561338415505084,0.460268279228574,0.495526264212538,1.63916203261665,1.14363576840412,0.703239905636824,1.33498149494879,0.631741589311966
"Nfkb1",0.507011337402315,0.571665692856267,0.0646543554539518,0.160067274233232,-0.0350697206966486,-0.195136994929881,0.41276999273534,0.742624365613362,0.329854372878022,0.474664174407175,0.55054799475941,0.0758838203522346
"Nfkb2",0.750529032101986,1.04016898096183,0.289639948859848,-0.020406775257501,0.0548942057464049,0.0753009810039061,0.469310802983012,0.830820913872265,0.361510110889252,0.434759877961165,0.711895009318409,0.277135131357244
"Nfkbie",1.01914344965897,1.65148614593398,0.632342696275009,-0.164365115475054,0.23345047912684,0.397815594601894,0.540289267087489,1.55868067655303,1.01839140946554,0.334848743019615,1.07437107562739,0.73952233260777
"Rab11fip1",1.3280388513775,1.44053118697297,0.112492335595473,0.290782078010317,0.341502338765732,0.0507202607554144,0.628120076917462,0.806759396186803,0.178639319269342,1.497300771396,1.82674835669283,0.329447585296825
"Relb",0.604007020644281,0.930911572882235,0.326904552237953,-0.0336939322657835,0.0785769846916612,0.112270916957445,0.321388806849988,0.820512886338395,0.499124079488407,0.22081441242744,0.477685166062432,0.256870753634992
"Rhof",0.656613305285317,0.846517814414358,0.189904509129041,0.0170211613688241,0.397434264678149,0.380413103309325,0.413308994026983,0.69210521029339,0.278796216266407,0.869222426881887,1.31021656342933,0.44099413654744
"Ripk2",1.18324604972499,1.25850993760329,0.0752638878782963,0.247024266117636,0.156974247328243,-0.0900500187893937,0.540363272068127,1.29019586093714,0.749832588869017,0.441431930784737,0.64294386008111,0.201511929296373
"Trim47",0.544201295721911,0.77067058547696,0.226469289755048,0.0061281896720682,0.054350504925726,0.0482223152536579,0.292410358660514,0.720147451023984,0.42773709236347,0.259877687747571,0.473490908230625,0.213613220483055
"Vcam1",0.476857840405999,0.648218531901664,0.171360691495664,-0.168634376993587,0.16130986896251,0.329944245956097,0.595694313770545,1.37125833402207,0.775564020251523,0.0165689185096979,0.621785799633895,0.605216881124197
"Glrx",0.63645822080119,0.733376180450426,0.0969179596492358,0.190083558510106,0.0896261792776076,-0.100457379232498,0.792811954818851,1.00583823995126,0.213026285132406,0.443857521947787,0.415372707321441,-0.0284848146263466
"Slco2a1",0.572591041641677,0.871454985451093,0.298863943809417,-0.00903931132840468,0.137761914865546,0.146801226193951,0.299743488064803,0.37635929860413,0.0766158105393273,0.263299345937729,0.394403340489204,0.131103994551474
"Ngef",-0.217703934211896,0.110460543853967,0.328164478065863,0.0864105367033843,-0.116921943918427,-0.203332480621812,0.222839159724717,0.281882312261152,0.059043152536435,-0.0976682865482506,-0.074078549633563,0.0235897369146875
"Rffl",0.524975190646943,0.690123892811517,0.165148702164574,0.399809286094641,0.275184632126769,-0.124624653967871,0.483243725486802,0.839176265621895,0.355932540135093,0.735436989092188,0.799604709828722,0.0641677207365336
"Gbp2",1.18704120825218,1.63728193618289,0.4502407279307,-0.203655509008286,0.369505146462551,0.573160655470836,0.543667510271557,2.00951907746569,1.46585156719413,0.480219852930362,1.19084209008403,0.710622237153665
"Il34",0.758166834984002,1.16866599846814,0.410499163484133,0.154944676484946,0.327005530492323,0.172060854007377,0.555673838243607,0.743982873817647,0.188309035574039,0.258613997209519,0.434601347787722,0.175987350578203
"Gjb2",0.111762735977604,0.413349239972192,0.301586503994587,-0.149114738337549,0.378620897243839,0.527735635581388,-0.436215384989382,-0.398695989469786,0.0375193955195957,-0.073769746710895,0.37020502619016,0.443974772901055
"Slc7a2",0.807336973809522,0.895961635793638,0.0886246619841159,0.189465695213774,0.395002886665863,0.205537191452088,0.793128691304564,1.28422741120144,0.491098719896876,0.850763645790555,0.972026656133839,0.121263010343284
"Sod2",1.2334615378521,1.44848357582618,0.215022037974073,0.308248237369448,0.395820793176806,0.0875725558073581,0.856799958178417,1.01513207155046,0.15833211337204,1.18745699049986,1.41653890334153,0.229081912841668
"Tnip1",0.90648830036652,1.19102462059407,0.284536320227547,0.136495770478859,0.309338806163711,0.172843035684852,0.742071009154439,0.927375605378971,0.185304596224532,0.570112273472934,1.05521640138063,0.485104127907692
"Mt2",0.650181756167568,0.819424182638348,0.169242426470779,0.28025945138328,0.150552052572016,-0.129707398811264,0.625237476498225,0.743490446609035,0.118252970110809,0.359774471568932,0.224393884694465,-0.135380586874468
"Ch25h",1.2359313729534,1.4396843138093,0.203752940855897,0.562963015928724,0.33197531183313,-0.230987704095594,1.24494630337304,1.54237157897775,0.29742527560471,1.17417715670051,1.27653074869816,0.10235359199765
"Mnda",0.552429331421482,0.582562956133308,0.0301336247118262,0.41475901324774,0.563451109618155,0.148692096370415,0.623831391109816,0.50462461818286,-0.119206772926956,1.00608307253294,1.30059900911501,0.294515936582073
"Ikbke",0.818087555479884,0.967045017293361,0.148957461813478,0.513924608558626,0.613774544149009,0.0998499355903833,0.744845406831508,0.981992234577796,0.237146827746288,0.762948974188034,1.07545041276642,0.312501438578388
"Adarb1",0.22325054569368,0.213107669551037,-0.0101428761426431,0.195333182839339,-0.012998921712446,-0.208332104551785,0.216800844072949,0.385894709590869,0.169093865517921,0.393471887766172,0.242369276932239,-0.151102610833933
"Ifi203,Gm16340,LOC102641031",1.02736183574575,1.41909653911996,0.391734703374215,0.179563295403053,0.58430727882986,0.404743983426807,1.4046286244282,2.24837628372386,0.843747659295657,1.31028532831156,1.56553136306873,0.255246034757173
"Cx3cl1",1.06707532889824,1.22851795389835,0.161442625000107,0.405817769995452,0.36905426234783,-0.0367635076476214,0.712170318622794,1.54519996448875,0.833029645865951,0.298821777786634,0.582513427140731,0.283691649354097
"Gch1",1.41725653210119,1.7330063763317,0.315749844230514,0.437771020340108,0.472869413089199,0.035098392749091,1.16207260374091,1.91892797636122,0.756855372620304,0.856360129251606,1.11890811756884,0.262547988317239
"ENSMUSG00000041481",0.838550405110293,1.07978843823494,0.241238033124646,0.258593681466821,-0.0850468391504066,-0.343640520617228,0.815688747591442,0.949047258250242,0.1333585106588,0.708097430343277,0.236191163466534,-0.471906266876743
"Atp2b4",0.240807367657913,0.23107118381613,-0.00973618384178283,0.254331492581094,-0.0402703347375427,-0.294601827318637,0.212766093460427,0.288339072620659,0.0755729791602327,0.359888462887276,0.320994417972333,-0.0388940449149427
"B4galt5",0.585214806021103,0.649533774512662,0.0643189684915595,0.0402159891435661,-0.0524398955113209,-0.0926558846548867,0.184879388125742,0.310592124991422,0.125712736865679,0.454047398676912,0.333522780062026,-0.120524618614886
"Cebpb",0.733534791816619,0.745683393345492,0.0121486015288724,0.392318043281236,0.0513752337171476,-0.340942809564089,0.401349943516755,0.615019666792106,0.213669723275351,0.505769845720848,0.524304784860059,0.0185349391392114
"Gda",-0.0470521848474325,-0.0658466603605346,-0.018794475513102,-0.0975048043181009,-0.0904703929130486,0.00703441140505222,-0.161051260287612,-0.261322715891368,-0.100271455603756,0.399679494656255,0.270538916962183,-0.129140577694071
"Il1r1",0.318722745708465,0.278344852673344,-0.0403778930351216,-0.0434359572512286,-0.0556275025180366,-0.0121915452668081,0.296367429971761,0.232902926321578,-0.0634645036501831,0.307196769536582,0.354962649884662,0.0477658803480793
"Jak2",0.475082515161036,0.508318257928705,0.033235742767669,0.110460968991583,0.0376367258784681,-0.0728242431131148,0.517942043748773,0.656234427379197,0.138292383630424,0.592187111056814,0.783423137074331,0.191236026017517
"Nxph3",-0.12671137134765,0.0202921351578122,0.147003506505462,0.154826747933314,0.191824262855177,0.0369975149218638,-0.280727230164214,0.126589812650796,0.407317042815009,0.114189584428682,0.108004108731722,-0.00618547569696025
"Osmr",0.214053702952602,0.183371488583748,-0.0306822143688541,0.282782876857133,0.0254061461800879,-0.257376730677045,0.247607616227465,0.119935933892549,-0.127671682334917,0.373279298799186,0.267260758874524,-0.106018539924662
"Rab20",0.866872687332191,1.19061167930039,0.323738991968204,-0.0917641301269756,0.36050341198281,0.452267542109786,0.414937364536723,0.87905141623254,0.464114051695818,0.529963880232787,0.850547894577771,0.320584014344984
"Sdc4",0.428945097455996,0.583081223501405,0.154136126045409,0.191598247403294,0.0322467777030968,-0.159351469700197,0.190456951282975,0.64088845477659,0.450431503493616,0.749180174579964,0.965742405605734,0.21656223102577
"St3gal1",0.515134220018814,0.751722059863613,0.236587839844799,0.0230677912480794,0.221016503840855,0.197948712592775,0.207605936929126,0.361351751895116,0.15374581496599,0.480673858344043,0.881156510358006,0.400482652013963
"Ifnb1",3.19255739355336,3.27635349053203,0.0837960969786682,1.68670772228735,1.77667244158649,0.0899647192991384,3.48675373774035,3.48675373774035,0,3.71152701513424,3.84714082005369,0.135613804919452
"Csf3",1.83906424030834,1.52362701075316,-0.31543722955518,2.80906943205462,1.02231768445401,-1.78675174760061,1.70398034137194,1.57885397539527,-0.125126365976663,2.0533289259047,0.772149655773856,-1.28117927013085
"Cxcl3",2.64032567647444,2.66243295319825,0.0221072767238135,1.80571752325529,1.69660908900867,-0.109108434246615,3.07178676721376,3.24397895531176,0.172192188098,4.15672598366099,4.88929854356831,0.732572559907323
"Ccl3",2.79343862690118,3.32640711886863,0.532968491967443,2.41788609918836,2.70825949030337,0.29037339111501,2.60396966799272,2.64780117108619,0.0438315030934685,3.03942447828988,3.26089668997282,0.221472211682937
"Il1a",4.56268464397106,5.18449607297779,0.621811429006735,4.10219512642951,4.22080828529436,0.118613158864846,5.48980643001035,6.58682759899259,1.09702116898224,5.12244558914604,6.42321980933698,1.30077422019094
"Nfkbia",0.655184675490565,1.25607488979724,0.600890214306678,0.408395064420495,0.410023302734443,0.00162823831394801,0.45655812560404,1.82715896070069,1.37060083509665,1.55252198215148,1.1676905984091,-0.384831383742383
"Slfn2",1.34656833538356,2.09941558228267,0.75284724689911,0.214031712950184,0.923681828274753,0.709650115324568,0.913183853292983,1.77279590485182,0.859612051558837,1.20746237271612,2.05162960516142,0.844167232445301
"Nos2",3.86900524594611,3.85381038438449,-0.0151948615616217,3.09842070685164,1.25911374981279,-1.83930695703885,4.80050663066915,5.19015905517688,0.389652424507734,3.72653394733285,2.21041785372003,-1.51611609361282
"Irg1",7.27168730338994,9.30633771536417,2.03465041197424,3.93632011171636,6.34418253253465,2.40786242081829,5.62867652978689,7.20398800124256,1.57531147145568,4.35612489722604,7.86736044879409,3.51123555156805
"Hivep3",0.578393341667867,0.808944442734883,0.230551101067015,0.220713443857463,0.428436587329645,0.207723143472181,0.484177134286416,0.935738532975175,0.451561398688759,0.765114746395596,0.884989869097809,0.119875122702214
"Ifih1",2.07718523064556,2.09373716193454,0.0165519312889833,0.577206667649139,0.827714831196639,0.250508163547499,1.0212755596942,1.17283560363817,0.151560043943973,1.98941695451001,2.15611971580811,0.1667027612981
"Oasl1",2.50284855662372,2.57159286054268,0.068744303918962,0.583868311537888,0.624382545189606,0.0405142336517184,2.29749983820566,2.18002189324295,-0.117477944962708,2.27294458706179,2.10553975386249,-0.167404833199298
"Ptger2",1.18365051342211,1.29257023752686,0.108919724104751,0.714691093453309,0.0243004257305892,-0.69039066772272,1.54035163339853,1.9560178518837,0.415666218485166,0.534446515799064,0.433957458587482,-0.100489057211581
"Rsad2",3.21595986607573,3.79545859598682,0.579498729911084,1.41968676133179,1.48301321755388,0.0633264562220893,3.77863163809097,4.41431219290138,0.635680554810412,4.3987797867235,4.31663206785731,-0.0821477188661952
"Tnfaip2",1.8970568808075,2.18622551114281,0.289168630335309,0.426735289655807,0.549708462164088,0.122973172508281,1.3520063093695,2.33791956793307,0.985913258563562,1.44099971896992,2.1236247596658,0.682625040695876
"Tnfsf11",0.997472712903416,0.936270842975139,-0.0612018699282765,0.25938240541378,0.165384860482518,-0.0939975449312623,1.1383325591376,1.28821514910892,0.149882589971325,1.14700704720897,1.3016256998583,0.154618652649321
"Slc39a4",0.405759276958631,0.712114502538163,0.306355225579533,-0.0925023329549927,0.128244673220055,0.220747006175048,0.987891380044131,0.798762327925613,-0.189129052118519,-0.189538439845777,0.221830351198369,0.411368791044145
"Il1rap",0.357665123637908,0.289882924139406,-0.0677821994985024,0.239061991788922,0.0189484240234067,-0.220113567765515,0.710887292540564,0.7201072622906,0.00921996975003629,0.556816900005439,0.335658467504379,-0.221158432501061
"Cd274",0.66742322063408,0.980920715406869,0.313497494772789,0.212693361763265,0.491104695492349,0.278411333729084,0.78895606161173,1.04130108346545,0.25234502185372,1.20040976032479,1.65008667620655,0.449676915881764
"Tmem158",0.644155312223025,0.574644198782304,-0.069511113440721,0.148394962871083,0.118307252099868,-0.030087710771215,0.842047359075469,1.26767393181808,0.425626572742615,0.197726616007832,0.331715359086606,0.133988743078774
"Slco3a1",0.676608218375524,0.654752624661604,-0.0218555937139209,0.154413387786491,0.0144454695869324,-0.139967918199559,0.39559880818111,0.342904468740151,-0.0526943394409584,0.564734802034099,0.497407167729705,-0.067327634304394
"Egln3",0.513452232403327,0.472139637971636,-0.0413125944316914,0.0278236071539436,0.161505876389915,0.133682269235971,0.469597974388844,0.625540266962849,0.155942292574005,0.283107337891534,0.504834327626557,0.221726989735023
"Adtrp",0.56135306390511,0.580412895739676,0.0190598318345656,-0.556811938506075,-0.199930015033582,0.356881923472493,-0.401955791032905,0.635585145964354,1.03754093699726,0.0376740529166225,0.432607404973528,0.394933352056906
"Grem2",-0.012496444674281,0.0802906762234347,0.0927871208977157,-0.0334256374211465,0.0633774535856859,0.0968030910068326,0.405979289416472,0.57425511125318,0.168275821836708,0.597498270089771,0.708918200918499,0.111419930828727
"Gsap",0.737402959105035,0.985738518665325,0.248335559560291,0.179837158100206,0.348657303632448,0.168820145532241,0.833112736188551,1.25405798788846,0.42094525169991,0.376192005743215,0.920795882147872,0.544603876404656
"Timp1",0.743889692479397,0.748266206377829,0.00437651389843226,0.262212160121842,0.246436654581475,-0.0157755055403668,0.433221159551414,0.546201271193102,0.112980111641688,0.541849384266081,0.481818014487939,-0.0600313697781418
"F2rl1",0.290556490970609,0.566473792499225,0.275917301528617,-0.0608599914726564,0.0970795874276158,0.157939578900272,-0.129018279425356,0.107736178355372,0.236754457780728,0.16183366476279,0.705452586747995,0.543618921985205
"Rab15",0.21812165151442,0.239847824122782,0.0217261726083621,0.0268032751003614,0.0828892757752199,0.0560860006748586,0.308108188153559,0.408799605387732,0.100691417234173,-0.060526531043809,-0.0826078329210285,-0.0220813018772194
"Il1rl1",0.511460863422255,0.512291525870727,0.000830662448472223,-0.0954527671669067,0.0566916186423788,0.152144385809285,0.382864026370382,0.605574155831637,0.222710129461254,0.411156726537757,0.595710965411767,0.18455423887401
"Slc6a12",0.857976694723351,1.08667076520401,0.228694070480662,0.454997744679504,0.417887644116841,-0.037110100562663,0.806443072600516,1.19838355975323,0.391940487152717,1.54181743726936,1.69970401569228,0.15788657842292
"Exoc3l4",0.977608892329184,1.00150551183761,0.0238966195084289,0.130500647899527,0.145948316766266,0.0154476688667392,0.372823658423264,0.964307247352393,0.591483588929129,0.74609865510663,1.06561945105544,0.319520795948813
"Flt1",0.546168346114622,0.536705240518423,-0.00946310559619924,0.0683381095329748,0.0775344000984077,0.00919629056543275,0.31218786533242,0.490435290888421,0.178247425556001,0.616264782532155,0.882089703640335,0.265824921108179
"Nptx1",-0.0345296230053619,-0.0383053763984836,-0.00377575339312157,-0.50759482633117,0.179996220787317,0.687591047118487,-0.916936621382676,-0.619413057354513,0.297523564028163,-0.0495646942118075,0.497874778135949,0.547439472347756
"Mmp9",1.15090561305325,1.24226404555329,0.0913584325000431,0.261333169855347,0.138881042194295,-0.122452127661052,2.55452917212721,3.30403577445106,0.749506602323857,0.487721919042104,1.00660570090214,0.518883781860035
"Acpp",1.35243458443243,1.1628303584054,-0.189604226027028,0.334015032252356,0.178043663771323,-0.155971368481033,1.22961672832078,1.96664726988187,0.737030541561086,0.626617554037509,0.463661249204664,-0.162956304832845
"Kcnq5",-0.0419621259927243,0.0314067694021942,0.0733688953949184,0.190595909304571,-0.183094446840661,-0.373690356145231,0.336264933157661,0.516023761308908,0.179758828151247,0.0613968892063364,0.153308096655788,0.0919112074494511
"Pilra",1.63937981318591,1.78198365191975,0.142603838733845,0.618420106094761,0.773892257309999,0.155472151215238,1.63397295773007,1.37560771550946,-0.25836524222061,2.08439194435564,2.523668526671,0.439276582315365
"Prokr2",0.783320684764763,0.867206902934121,0.0838862181693581,0.719084967905089,-0.086640847029937,-0.805725814935026,0.334277926594575,0.310156302359152,-0.0241216242354223,0.722101174920175,-0.176163268320574,-0.898264443240749
"Mmp1b",0.912119881120458,0.965685413449769,0.0535655323293117,0.413414120030281,0.371271693496832,-0.0421424265334485,1.25709832386682,1.90048422263594,0.643385898769123,0.568245441619284,1.25350250394405,0.685257062324766
"Mmp3",2.29307380204738,2.34809561370519,0.0550218116578124,0.698255674007056,0.447590449262846,-0.25066522474421,2.39024921798972,3.69719058118676,1.30694136319704,1.77599542057571,1.71220643833517,-0.0637889822405387
"Rasl12",0.537181991466921,0.474963338077336,-0.0622186533895852,0.303812676339036,0.238374301850526,-0.0654383744885096,0.785219400049338,1.07322080231642,0.288001402267083,0.390174188301677,-0.14783664939985,-0.538010837701527
"Rbfox1",0.668495460320172,0.986959340412076,0.318463880091904,0.0390521013081868,0.136955817990883,0.0979037166826963,0.043776340946526,-0.0250089170135883,-0.0687852579601143,0.605141331455256,0.823338977822459,0.218197646367203
"U90926",1.11753120861927,1.01656838013102,-0.100962828488258,0.486001040018145,0.0170699769635823,-0.468931063054562,1.83632227097087,2.2641530745232,0.427830803552335,1.77290551742909,1.9009531377873,0.128047620358209
"ENSMUSG00000097804",1.52484599405329,1.12506108345106,-0.399784910602228,0.48249144510621,-0.0442144947645928,-0.526705939870803,1.68477163639567,2.38353943702952,0.698767800633852,1.41556940578606,1.10783511201184,-0.307734293774218
"Tmem132e",1.39320390235915,1.59262532308695,0.199421420727804,0.229335670098096,0.593708952747556,0.36437328264946,1.4751447606984,2.14819326063441,0.67304849993601,0.767285953454205,1.28024894461564,0.512962991161435
"Fpr2",3.01443303219525,3.32165847865334,0.307225446458098,2.15044027521316,2.25341219024448,0.102971915031315,2.13702758242717,2.37142205771601,0.234394475288835,2.74418378566773,3.51010332261108,0.765919536943347
"Itgal",1.847766302997,2.12145780147818,0.27369149848118,0.752015619593789,0.842794483653011,0.090778864059222,1.36737771458039,1.58781818994105,0.22044047536066,2.20852139905757,2.80972611844466,0.601204719387095
"Kcnn3",1.01643885251626,0.552200271373197,-0.464238581143062,0.467832613283782,-0.0494545722136087,-0.517287185497391,1.58271839623492,1.54980423404337,-0.0329141621915561,0.362158795578357,0.216946603425863,-0.145212192152495
"Ptges",1.49801749102845,1.59765125620103,0.0996337651725869,0.730760630512987,0.735494649627668,0.00473401911468164,2.0232058699275,2.53094659235655,0.507740722429053,1.82616000983512,1.79040269308985,-0.0357573167452755
"Fpr1",3.82539450198064,4.21414021846474,0.388745716484105,1.842215056508,2.56446569736686,0.722250640858866,2.72541970040671,2.90386047171025,0.178440771303544,3.22921331115222,3.90687785046517,0.677664539312951
"Ccl5",3.99995338643602,4.70676773651848,0.706814350082467,0.232577604215152,0.93797418965378,0.705396585438628,3.85915494004834,6.24110949867254,2.3819545586242,1.70392427536776,3.06985106543008,1.36592679006233
"Lcn2",3.61009990189109,2.88676824643468,-0.723331655456414,1.70488868413161,-0.0876944948764816,-1.79258317900809,3.1565587637662,3.12152622209096,-0.0350325416752458,1.80659451774872,-0.273715176929177,-2.0803096946779
"Steap4",2.22883938915873,1.71954161373153,-0.509297775427194,2.90574408561564,-0.0520564661973023,-2.95780055181294,2.28173697940852,2.33044988238303,0.0487129029745116,1.27968273519527,-0.041597471135425,-1.3212802063307
